"source","stocklong","stockid","dietid","region","area","location","pred_type","class","order","family","species","comm_name","reference","n_units","n_yr","diet_yn","diet_prop"
"Hilborn et al. (2017)","Albacore tuna North Pacific Ocean","ALBANPAC","Albacore tuna NE Pacific","NE Pacific","US West Coast","North Pacific Ocean","fish","Actinopterygii","Perciformes","Scombridae","Thunnus alalunga","Albacore tuna","RAM","ram",45,"Y",0.406666666666667
"Hilborn et al. (2017)","Albacore tuna Northern Atlantic","ALBANATL","Albacore tuna NW Atlantic","NW Atlantic","Atlantic Ocean","Northern Atlantic","fish","Actinopterygii","Perciformes","Scombridae","Thunnus alalunga","Albacore tuna","RAM","ram",58,"Y",0.5195
"Hilborn et al. (2017)","Arrowtooth flounder Pacific Coast","ARFLOUNDPCOAST","Arrowtooth flounder NE Pacific","NE Pacific","US West Coast","Pacific Coast","fish","Actinopterygii","Pleuronectiformes","Pleuronectidae","Atheresthes stomias","Arrowtooth flounder","RAM","ram",92,"Y",0.5989
"Hilborn et al. (2017)","Atlantic bluefin tuna Western Atlantic","ATBTUNAWATL","Atlantic bluefin tuna NW Atlantic","NW Atlantic","Atlantic Ocean","Western Atlantic","fish","Actinopterygii","Perciformes","Scombridae","Thunnus thynnus","Atlantic bluefin tuna","RAM","ram",40,"Y",1.26832
"Hilborn et al. (2017)","Atlantic cod Georges Bank","CODGB","Atlantic cod NW Atlantic","NW Atlantic","US East Coast","Georges Bank","fish","Actinopterygii","Gadiformes","Gadidae","Gadus morhua","Atlantic cod","RAM","ram",34,"Y",0.626
"Hilborn et al. (2017)","Atlantic croaker Mid-Atlantic Coast","ATLCROAKMATLC","Atlantic croaker NW Atlantic","NW Atlantic","US East Coast","Mid-Atlantic Coast","fish","Actinopterygii","Perciformes","Sciaenidae","Micropogonias undulatus","Atlantic croaker","RAM","ram",30,"N",0
"Hilborn et al. (2017)","Atlantic halibut Gulf of Maine / Georges Bank","ATHAL5YZ","Atlantic halibut NW Atlantic","NW Atlantic","US East Coast","Gulf of Maine / Georges Bank","fish","Actinopterygii","Pleuronectiformes","Pleuronectidae","Hippoglossus hippoglossus","Atlantic halibut","RAM","ram",208,"Y",0.126
"Hilborn et al. (2017)","Atlantic sharpnose shark Northwest Atlantic & GOM [abundance (pred.)]",NA,"Atlantic sharpnose shark NW Atlantic","NW Atlantic","NW Atlantic Coast & Gulf of Maine","Northwest Atlantic & GOM","fish","Elasmobranchii","Carcharhiniformes","Carcharhinidae","Rhizoprionodon terraenovae","Atlantic sharpnose shark","SEDAR 2013","abundance (pred.)",62,"Y",0.03665
"Hilborn et al. (2017)","Atlantic white-sided dolphin Central Virginia-Lower Bay of Fundy [abundance (est.)]",NA,"Atlantic white-sided dolphin NW Atlantic","NW Atlantic","NW Atlantic","Central Virginia-Lower Bay of Fundy","mammals","Mammalia","Cetacea","Delphinidae","Lagenorhynchus acutus","Atlantic white-sided dolphin","NOAA 2015","abundance (est.)",1,"Y",0.35
"Hilborn et al. (2017)","Atlantic white-sided dolphin Georges Bank-Gulf of St. Lawrence [abundance (est.)]",NA,"Atlantic white-sided dolphin NW Atlantic","NW Atlantic","NW Atlantic","Georges Bank-Gulf of St. Lawrence","mammals","Mammalia","Cetacea","Delphinidae","Lagenorhynchus acutus","Atlantic white-sided dolphin","NOAA 2002","abundance (est.)",1,"Y",0.35
"Hilborn et al. (2017)","Atlantic white-sided dolphin NW Atlantic [abundance (est.)]",NA,"Atlantic white-sided dolphin NW Atlantic","NW Atlantic","NW Atlantic","NW Atlantic","mammals","Mammalia","Cetacea","Delphinidae","Lagenorhynchus acutus","Atlantic white-sided dolphin","NOAA 2010","abundance (est.)",1,"Y",0.35
"Hilborn et al. (2017)","Atlantic white-sided dolphin S. Gulf of Maine-Upper Bay of Fundy-Gulf of St. Lawrence [abundance (est.)]",NA,"Atlantic white-sided dolphin NW Atlantic","NW Atlantic","NW Atlantic","S. Gulf of Maine-Upper Bay of Fundy-Gulf of St. Lawrence","mammals","Mammalia","Cetacea","Delphinidae","Lagenorhynchus acutus","Atlantic white-sided dolphin","NOAA 2011","abundance (est.)",1,"Y",0.35
"Hilborn et al. (2017)","Atlantic white-sided dolphin Virginia-Gulf of St. Lawrence [abundance (est.)]",NA,"Atlantic white-sided dolphin NW Atlantic","NW Atlantic","NW Atlantic","Virginia-Gulf of St. Lawrence","mammals","Mammalia","Cetacea","Delphinidae","Lagenorhynchus acutus","Atlantic white-sided dolphin","NOAA 1997","abundance (est.)",1,"Y",0.35
"Hilborn et al. (2017)","Bigeye tuna Atlantic Ocean","BIGEYEATL","Bigeye tuna NW Atlantic","NW Atlantic","Atlantic Ocean","Atlantic Ocean","fish","Actinopterygii","Perciformes","Scombridae","Thunnus obesus","Bigeye tuna","RAM","ram",61,"Y",0.618
"Hilborn et al. (2017)","Black rockfish Northern Pacific Coast","BLACKROCKNPCOAST","Black rockfish NE Pacific","NE Pacific","US West Coast","Northern Pacific Coast","fish","Actinopterygii","Scorpaeniformes","Sebastidae","Sebastes melanops","Black rockfish","RAM","ram",92,"Y",0.419
"Hilborn et al. (2017)","Black sea bass Mid-Atlantic Coast","BSBASSMATLC","Black sea bass NW Atlantic","NW Atlantic","US East Coast","Mid-Atlantic Coast","fish","Actinopterygii","Perciformes","Serranidae","Centropristis striata","Black sea bass","RAM","ram",40,"Y",0.043
"Hilborn et al. (2017)","Black-legged kittiwake Pribilof Islands [abundance (est.)]",NA,"Black-legged kittiwake NE Pacific","NE Pacific","Alaska","Pribilof Islands","birds","Aves","Ciconiiformes","Laridae","Rissa tridactyla","Black-legged kittiwake","Jahncke et al. 2008","abundance (est.)",4,"Y",0.942
"Hilborn et al. (2017)","Black-vented shearwater Southern California [density (fall)]",NA,"Black-vented shearwater NE Pacific","NE Pacific","California","Southern California","birds","Aves","Ciconiiformes","Procellariidae","Puffinus opisthomelas","Black-vented shearwater","Hyrenbach and Veit 2003","density (fall)",11,"Y",0.4
"Hilborn et al. (2017)","Black-vented shearwater Southern California [density (spring)]",NA,"Black-vented shearwater NE Pacific","NE Pacific","California","Southern California","birds","Aves","Ciconiiformes","Procellariidae","Puffinus opisthomelas","Black-vented shearwater","Hyrenbach and Veit 2003","density (spring)",12,"Y",0.4
"Hilborn et al. (2017)","Black-vented shearwater Southern California [density (summer)]",NA,"Black-vented shearwater NE Pacific","NE Pacific","California","Southern California","birds","Aves","Ciconiiformes","Procellariidae","Puffinus opisthomelas","Black-vented shearwater","Hyrenbach and Veit 2003","density (summer)",11,"Y",0.4
"Hilborn et al. (2017)","Black-vented shearwater Southern California [density (winter)]",NA,"Black-vented shearwater NE Pacific","NE Pacific","California","Southern California","birds","Aves","Ciconiiformes","Procellariidae","Puffinus opisthomelas","Black-vented shearwater","Hyrenbach and Veit 2003","density (winter)",11,"Y",0.4
"Hilborn et al. (2017)","Blacktip shark Atlantic","BTIPSHARATL","Blacktip shark NW Atlantic","NW Atlantic","Atlantic Ocean","Atlantic","fish","Elasmobranchii","Carcharhiniformes","Carcharhinidae","Carcharhinus limbatus","Blacktip shark","RAM","ram",0,"Y",0.431675
"Hilborn et al. (2017)","Blacktip shark Gulf of Mexico","BTIPSHARGM","Blacktip shark NW Atlantic","NW Atlantic","US Southeast and Gulf","Gulf of Mexico","fish","Elasmobranchii","Carcharhiniformes","Carcharhinidae","Carcharhinus limbatus","Blacktip shark","RAM","ram",0,"Y",0.431675
"Hilborn et al. (2017)","Blue marlin Pacific Ocean","BMARLINPAC","Blue marlin NE Pacific","NE Pacific","Pacific Ocean","Pacific Ocean","fish","Actinopterygii","Perciformes","Istiophoridae","Makaira nigricans","Blue marlin","RAM","ram",55,"N",0
"Hilborn et al. (2017)","Blue shark Chesapeake Bay [cpue (standardized, females)]",NA,"Blue shark NW Atlantic","NW Atlantic","NW Atlantic","Chesapeake Bay","fish","Elasmobranchii","Carcharhiniformes","Carcharhinidae","Prionace glauca","Blue shark","Simpfendorfer et al. 2002","cpue (standardized, females)",10,"Y",0.041
"Hilborn et al. (2017)","Blue shark Chesapeake Bay [cpue (standardized, males)]",NA,"Blue shark NW Atlantic","NW Atlantic","NW Atlantic","Chesapeake Bay","fish","Elasmobranchii","Carcharhiniformes","Carcharhinidae","Prionace glauca","Blue shark","Simpfendorfer et al. 2002","cpue (standardized, males)",17,"Y",0.041
"Hilborn et al. (2017)","Bluefish Atlantic Coast","BLUEFISHATLC","Bluefish NW Atlantic","NW Atlantic","US East Coast","Atlantic Coast","fish","Actinopterygii","Perciformes","Pomatomidae","Pomatomus saltatrix","Bluefish","RAM","ram",26,"Y",0.382434210526316
"Hilborn et al. (2017)","Brandt cormorant Gulf of Farallon Islands [nests (total)]",NA,"Brandt cormorant NE Pacific","NE Pacific","California","Gulf of Farallon Islands","birds","Aves","Ciconiiformes","Phalacrocoracidae","Phalacrocorax penicillatus","Brandt cormorant","Capitolo et al. 2014","nests (total)",20,"Y",0.289092592592593
"Hilborn et al. (2017)","Brandt cormorant South Farallon Island [breeding adults]",NA,"Brandt cormorant NE Pacific","NE Pacific","California","South Farallon Island","birds","Aves","Ciconiiformes","Phalacrocoracidae","Phalacrocorax penicillatus","Brandt cormorant","Elliot et al. 2015","breeding adults",42,"Y",0.289092592592593
"Hilborn et al. (2017)","Brown pelican Florida-Maryland & Gulf Coast-Alabama [nesting pairs]",NA,"Brown pelican NW Atlantic","NW Atlantic","Atlantic Coast","Florida-Maryland & Gulf Coast-Alabama","birds","Aves","Ciconiiformes","Pelecanidae","Pelecanus occidentalis","Brown pelican","esasuccess.org","nesting pairs",19,"Y",0.14
"Hilborn et al. (2017)","Brown pelican Oregon [abundance (total)]",NA,"Brown pelican NE Pacific","NE Pacific","Oregon","Oregon","birds","Aves","Ciconiiformes","Pelecanidae","Pelecanus occidentalis","Brown pelican","Stinson 2014","abundance (total)",22,"N",0
"Hilborn et al. (2017)","Brown pelican South California Bight [nests (total)]",NA,"Brown pelican NE Pacific","NE Pacific","California","South California Bight","birds","Aves","Ciconiiformes","Pelecanidae","Pelecanus occidentalis","Brown pelican","esasuccess.org","nests (total)",34,"N",0
"Hilborn et al. (2017)","Brown pelican Washington [abundance (total)]",NA,"Brown pelican NE Pacific","NE Pacific","Washington","Washington","birds","Aves","Ciconiiformes","Pelecanidae","Pelecanus occidentalis","Brown pelican","Stinson 2014","abundance (total)",26,"N",0
"Hilborn et al. (2017)","California gull Lake Mono [breeding adults]",NA,"California gull NE Pacific","NE Pacific","California","Lake Mono","birds","Aves","Ciconiiformes","Laridae","Larus californicus","California gull","Wrege et al. 2006","breeding adults",21,"Y",0.667
"Hilborn et al. (2017)","California sea lion Southern SCB [abundance (total)]",NA,"California sea lion NE Pacific","NE Pacific","California","Southern SCB","mammals","Mammalia","Carnivora","Otariidae","Zalophus californianus","California sea lion","Lowry and Maravilla 2005","abundance (total)",26,"Y",0.311117948717948
"Hilborn et al. (2017)","California sea lion Southern SCB [pups]",NA,"California sea lion NE Pacific","NE Pacific","California","Southern SCB","mammals","Mammalia","Carnivora","Otariidae","Zalophus californianus","California sea lion","NOAA 2011","pups",33,"Y",0.311117948717948
"Hilborn et al. (2017)","Common and bigeye thresher sharks Northwest Atlantic [cpue (standardized)]",NA,"Common and bigeye thresher sharks NW Atlantic","NW Atlantic","NW Atlantic","Northwest Atlantic","fish","Elasmobranchii","Lamniformes","Alopiidae","Alopias spp.","Common and bigeye thresher sharks","Cortes et al. 2007","cpue (standardized)",20,"N",0
"Hilborn et al. (2017)","Common guillemot Southeast Farallons Island [breeding adults]",NA,"Common guillemot NE Pacific","NE Pacific","California","Southeast Farallons Island","birds","Aves","Charadriiformes","Alcidae","Uria aalge","Common guillemot","Lee et al. 2008","breeding adults",17,"Y",0.921071428571429
"Hilborn et al. (2017)","Common guillemot UU Colony, Farallons Island [population index]",NA,"Common guillemot NE Pacific","NE Pacific","California","UU Colony, Farallons Island","birds","Aves","Charadriiformes","Alcidae","Uria aalge","Common guillemot","Lee et al. 2008","population index",17,"Y",0.921071428571429
"Hilborn et al. (2017)","Common thresher shark West Coast US [cpue]",NA,"Common thresher shark NE Pacific","NE Pacific","US West Coast","West Coast US","fish","Elasmobranchii","Lamniformes","Alopiidae","Alopias vulpinus","Common thresher shark","NMFS unpublished","cpue",24,"Y",0.815433333333333
"Hilborn et al. (2017)","Cutthroat trout Nestucca River [abundance index]",NA,"Cutthroat trout NE Pacific","NE Pacific","Oregon","Nestucca River","fish","Actinopterygii","Salmoniformes","Salmonidae","Oncorhynchus clarkii","Cutthroat trout","OR Native Fish Status Report Vol II","abundance index",33,"Y",0.4795
"Hilborn et al. (2017)","Cutthroat trout Wilson and Tasks Rivers [abundance index]",NA,"Cutthroat trout NE Pacific","NE Pacific","Oregon","Wilson and Tasks Rivers","fish","Actinopterygii","Salmoniformes","Salmonidae","Oncorhynchus clarkii","Cutthroat trout","OR Native Fish Status Report Vol II","abundance index",36,"Y",0.4795
"Hilborn et al. (2017)","Dall's porpoise CA/OR/WA [abundance (geometric mean)]",NA,"Dall's porpoise NE Pacific","NE Pacific","CA/OR/WA","CA/OR/WA","mammals","Mammalia","Cetacea","Phocoenidae","Phocoenoides dalli","Dall's porpoise","NOAA 2008, NOAA 2010","abundance (geometric mean)",2,"Y",0.069
"Hilborn et al. (2017)","Dall's porpoise CA/OR/WA [abundance (weighted mean)]",NA,"Dall's porpoise NE Pacific","NE Pacific","CA/OR/WA","CA/OR/WA","mammals","Mammalia","Cetacea","Phocoenidae","Phocoenoides dalli","Dall's porpoise","NOAA 2000, NOAA 2003","abundance (weighted mean)",2,"Y",0.069
"Hilborn et al. (2017)","Dolphinfish Gulf of Mexico [cpue (standardized)]",NA,"Dolphinfish NE Pacific","NE Pacific","Gulf of Mexico","Gulf of Mexico","fish","Actinopterygii","Perciformes","Coryphaenidae","Coryphaena hippurus","Dolphinfish","Kleisner 2008","cpue (standardized)",19,"N",0
"Hilborn et al. (2017)","Dolphinfish Western Atlantic [cpue (standardized)]",NA,"Dolphinfish NW Atlantic","NW Atlantic","Western Atlantic","Western Atlantic","fish","Actinopterygii","Perciformes","Coryphaenidae","Coryphaena hippurus","Dolphinfish","Kleisner 2008","cpue (standardized)",12,"Y",0.321
"Hilborn et al. (2017)","Dusky shark Northwest Atlantic & GOM [cpue (standardized, bllop)]",NA,"Dusky shark NW Atlantic","NW Atlantic","NW Atlantic Coast & Gulf of Maine","Northwest Atlantic & GOM","fish","Elasmobranchii","Carcharhiniformes","Carcharhinidae","Carcharhinus obscurus","Dusky shark","Morgan 2008","cpue (standardized, bllop)",13,"Y",0.247
"Hilborn et al. (2017)","Dusky shark Northwest Atlantic & GOM [cpue (standardized, lps)]",NA,"Dusky shark NW Atlantic","NW Atlantic","NW Atlantic Coast & Gulf of Maine","Northwest Atlantic & GOM","fish","Elasmobranchii","Carcharhiniformes","Carcharhinidae","Carcharhinus obscurus","Dusky shark","Morgan 2008","cpue (standardized, lps)",21,"Y",0.247
"Hilborn et al. (2017)","Dusky shark Northwest Atlantic & GOM [cpue (standardized, pllop)]",NA,"Dusky shark NW Atlantic","NW Atlantic","NW Atlantic Coast & Gulf of Maine","Northwest Atlantic & GOM","fish","Elasmobranchii","Carcharhiniformes","Carcharhinidae","Carcharhinus obscurus","Dusky shark","Morgan 2008","cpue (standardized, pllop)",15,"Y",0.247
"Hilborn et al. (2017)","Dusky shark Northwest Atlantic & GOM [cpue (standardized, vims)]",NA,"Dusky shark NW Atlantic","NW Atlantic","NW Atlantic Coast & Gulf of Maine","Northwest Atlantic & GOM","fish","Elasmobranchii","Carcharhiniformes","Carcharhinidae","Carcharhinus obscurus","Dusky shark","Morgan 2008","cpue (standardized, vims)",30,"Y",0.247
"Hilborn et al. (2017)","Eastern Pacific bonito Southern California [cpue (tons/trip)]",NA,"Eastern Pacific bonito NE Pacific","NE Pacific","California","Southern California","fish","Actinopterygii","Perciformes","Scombridae","Sarda chiliensis","Eastern Pacific bonito","Mandy 2008","cpue (tons/trip)",16,"Y",0.937
"Hilborn et al. (2017)","Elegant tern Isla Rasa [breeding pairs]",NA,"Elegant tern NE Pacific","NE Pacific","Gulf of California","Isla Rasa","birds","Aves","Ciconiiformes","Laridae","Thalasseus elegans","Elegant tern","Velarde et al. 2015","breeding pairs",35,"Y",0.517895555555556
"Hilborn et al. (2017)","Elegant tern San Diego Bay [breeding pairs]",NA,"Elegant tern NE Pacific","NE Pacific","California","San Diego Bay","birds","Aves","Ciconiiformes","Laridae","Thalasseus elegans","Elegant tern","Schaffner 1986, Velarde et al. 2015","breeding pairs",33,"Y",0.517895555555556
"Hilborn et al. (2017)","Fin whale Northwest Atlantic [abundance (est.)]",NA,"Fin whale NW Atlantic","NW Atlantic","NW Atlantic","Northwest Atlantic","mammals","Mammalia","Cetacea","Balaenopteridae","Balaenoptera physalus","Fin whale","NOAA 1998, NOAA 2005, NOAA 2007, NOAA 2009, NOAA 2014, NOAA 2015","abundance (est.)",6,"Y",0.308571428571429
"Hilborn et al. (2017)","Finetooth shark Atlantic","FTOOTHSHARATL","Finetooth shark NW Atlantic","NW Atlantic","Atlantic Ocean","Atlantic","fish","Elasmobranchii","Carcharhiniformes","Carcharhinidae","Carcharhinus isodon","Finetooth shark","RAM","ram",0,"Y",0.7466
"Hilborn et al. (2017)","Grey seal Non-Sable Islands [pup production]",NA,"Grey seal NW Atlantic","NW Atlantic","NW Atlantic","Non-Sable Islands","mammals","Mammalia","Carnivora","Phocidae","Halichoerus grypus","Grey seal","Hemmil 2005","pup production",9,"Y",0.273266666666667
"Hilborn et al. (2017)","Grey seal Northwest Atlantic [abundance (est.)]",NA,"Grey seal NW Atlantic","NW Atlantic","NW Atlantic","Northwest Atlantic","mammals","Mammalia","Carnivora","Phocidae","Halichoerus grypus","Grey seal","NOAA 2011, NOAA 2012, NOAA 2015","abundance (est.)",3,"Y",0.273266666666667
"Hilborn et al. (2017)","Grey seal Sable Islands [pup production]",NA,"Grey seal NW Atlantic","NW Atlantic","NW Atlantic","Sable Islands","mammals","Mammalia","Carnivora","Phocidae","Halichoerus grypus","Grey seal","Bowen et al. 2003","pup production",29,"Y",0.273266666666667
"Hilborn et al. (2017)","Harbor porpoise Gulf of Maine-Bay of Fundy [abundance (est.)]",NA,"Harbor porpoise NW Atlantic","NW Atlantic","Gulf of Maine","Gulf of Maine-Bay of Fundy","mammals","Mammalia","Cetacea","Phocoenidae","Phocoena phocoena","Harbor porpoise","NOAA 2007, NOAA 2011, NOAA 2015","abundance (est.)",3,"Y",0.608333333333333
"Hilborn et al. (2017)","Harbor porpoise Gulf of Maine-Bay of Fundy [abundance (est.)].1",NA,"Harbor porpoise NW Atlantic","NW Atlantic","Gulf of Maine","Gulf of Maine-Bay of Fundy","mammals","Mammalia","Cetacea","Phocoenidae","Phocoena phocoena","Harbor porpoise","NOAA 2007, NOAA 2011, NOAA 2015","abundance (est.)",3,"Y",0.608333333333333
"Hilborn et al. (2017)","Harbor porpoise Monterrey Bay [abundance (est.)]",NA,"Harbor porpoise NE Pacific","NE Pacific","California","Monterrey Bay","mammals","Mammalia","Cetacea","Phocoenidae","Phocoena phocoena","Harbor porpoise","NOAA 2003, NOAA 2005, NOAA 2009, NOAA 2013","abundance (est.)",4,"Y",0.7596
"Hilborn et al. (2017)","Humpback whale CA/OR [abundance (total est.)]",NA,"Humpback whale NE Pacific","NE Pacific","CA/OR","CA/OR","mammals","Mammalia","Cetacea","Balaenopteridae","Megaptera novaeangliae","Humpback whale","Calambokidis 2013","abundance (total est.)",21,"Y",0.727
"Hilborn et al. (2017)","Humpback whale Washington [abundance (total est.)]",NA,"Humpback whale NE Pacific","NE Pacific","Washington","Washington","mammals","Mammalia","Cetacea","Balaenopteridae","Megaptera novaeangliae","Humpback whale","Calambokidis 2009","abundance (total est.)",9,"Y",0.727
"Hilborn et al. (2017)","Lingcod Northern Pacific Coast","LINGCODNPCOAST","Lingcod NE Pacific","NE Pacific","US West Coast","Northern Pacific Coast","fish","Actinopterygii","Scorpaeniformes","Hexagrammidae","Ophiodon elongatus","Lingcod","RAM","ram",82,"Y",0.0402
"Hilborn et al. (2017)","Little skate Georges Bank [biomass (log-scale)]",NA,"Little skate NW Atlantic","NW Atlantic","NW Atlantic","Georges Bank","fish","Elasmobranchii","Rajiformes","Rajidae","Leucoraja erinacea","Little skate","Nye et al. 2010","biomass (log-scale)",40,"N",0
"Hilborn et al. (2017)","Little skate Gulf of Maine [biomass (log-scale)]",NA,"Little skate NW Atlantic","NW Atlantic","Gulf of Maine","Gulf of Maine","fish","Elasmobranchii","Rajiformes","Rajidae","Leucoraja erinacea","Little skate","Nye et al. 2010","biomass (log-scale)",37,"N",0
"Hilborn et al. (2017)","Long-beaked common dolphin CA/OR/WA [abundance (est.)]",NA,"Long-beaked common dolphin NE Pacific","NE Pacific","CA/OR/WA","CA/OR/WA","mammals","Mammalia","Cetacea","Delphinidae","Delphinus capensis","Long-beaked common dolphin","NOAA 2008, NOAA 2010, NOAA 2012","abundance (est.)",4,"Y",1.6224
"Hilborn et al. (2017)","Long-beaked common dolphin CA/OR/WA [abundance (weighted mean)]",NA,"Long-beaked common dolphin NE Pacific","NE Pacific","CA/OR/WA","CA/OR/WA","mammals","Mammalia","Cetacea","Delphinidae","Delphinus capensis","Long-beaked common dolphin","NOAA 2003","abundance (weighted mean)",1,"Y",1.6224
"Hilborn et al. (2017)","Night shark Northwest Atlantic [cpue (standardized)]",NA,"Night shark NW Atlantic","NW Atlantic","NW Atlantic","Northwest Atlantic","fish","Elasmobranchii","Carcharhiniformes","Carcharhinidae","Carcharhinus signatus","Night shark","Cortes et al. 2007","cpue (standardized)",14,"Y",0.388
"Hilborn et al. (2017)","Northern fur seal Eastern Pacific [pups]",NA,"Northern fur seal NE Pacific","NE Pacific","Alaska","Eastern Pacific","mammals","Mammalia","Carnivora","Otariidae","Callorhinus ursinus","Northern fur seal","NOAA 2013","pups",13,"Y",0.52135
"Hilborn et al. (2017)","Northern fur seal San Miguel Islands [pups]",NA,"Northern fur seal NE Pacific","NE Pacific","California","San Miguel Islands","mammals","Mammalia","Carnivora","Otariidae","Callorhinus ursinus","Northern fur seal","NOAA 2013","pups",38,"Y",0.52135
"Hilborn et al. (2017)","Northern shortfin squid North Carolina-Scotian Shelf [abundance index (mean kg/tow)]",NA,"Northern shortfin squid NW Atlantic","NW Atlantic","Northwest Atlantic Coast","North Carolina-Scotian Shelf","fish","Cephalopoda","Teuthida","Ommastrephidae","Illex illecebrosus","Northern shortfin squid","NEFSC 2003 Shortfin Squid Report","abundance index (mean kg/tow)",32,"Y",0.03
"Hilborn et al. (2017)","Northern shortfin squid Scotian Shelf, Canada [abundance index (mean kg/tow)]",NA,"Northern shortfin squid NW Atlantic","NW Atlantic","Northwest Atlantic Coast","Scotian Shelf, Canada","fish","Cephalopoda","Teuthida","Ommastrephidae","Illex illecebrosus","Northern shortfin squid","NEFSC 2003 Shortfin Squid Report","abundance index (mean kg/tow)",31,"Y",0.03
"Hilborn et al. (2017)","Offshore hake Northwest Atlantic Coast [abundance]",NA,"Offshore hake NW Atlantic","NW Atlantic","Northwest Atlantic Coast","Northwest Atlantic Coast","fish","Actinopterygii","Gadiformes","Merlucciidae","Merluccius albidus","Offshore hake","Offshore Hake Assessment 2010","abundance",40,"Y",0.531
"Hilborn et al. (2017)","Offshore hake Northwest Atlantic Coast [recruitment index (# less than 30 cm / tow)]",NA,"Offshore hake NW Atlantic","NW Atlantic","Northwest Atlantic Coast","Northwest Atlantic Coast","fish","Actinopterygii","Gadiformes","Merlucciidae","Merluccius albidus","Offshore hake","Offshore Hake Assessment 2010","recruitment index (# less than 30 cm / tow)",43,"Y",0.531
"Hilborn et al. (2017)","Osprey Connecticut [breeding pairs]",NA,"Osprey NW Atlantic","NW Atlantic","Gulf of Maine","Connecticut","birds","Aves","Accipitriformes","Pandionidae","Pandion haliaetus","Osprey","Bierregaard et al. 2014","breeding pairs",8,"Y",0.75
"Hilborn et al. (2017)","Osprey Long Island [breeding pairs]",NA,"Osprey NW Atlantic","NW Atlantic","Gulf of Maine","Long Island","birds","Aves","Accipitriformes","Pandionidae","Pandion haliaetus","Osprey","Bierregaard et al. 2014","breeding pairs",8,"Y",0.75
"Hilborn et al. (2017)","Osprey Mainland Massachusetts [breeding pairs]",NA,"Osprey NW Atlantic","NW Atlantic","Gulf of Maine","Mainland Massachusetts","birds","Aves","Accipitriformes","Pandionidae","Pandion haliaetus","Osprey","Bierregaard et al. 2014","breeding pairs",8,"Y",0.75
"Hilborn et al. (2017)","Osprey Mobjack bay [breeding pairs]",NA,"Osprey NW Atlantic","NW Atlantic","Chesapeake Bay","Mobjack bay","birds","Aves","Accipitriformes","Pandionidae","Pandion haliaetus","Osprey","Watts and Paxton 2007","breeding pairs",4,"Y",0.75
"Hilborn et al. (2017)","Osprey Potomac [breeding pairs]",NA,"Osprey NW Atlantic","NW Atlantic","Chesapeake Bay","Potomac","birds","Aves","Accipitriformes","Pandionidae","Pandion haliaetus","Osprey","Watts and Paxton 2007","breeding pairs",4,"Y",0.75
"Hilborn et al. (2017)","Osprey Rappahannock [breeding pairs]",NA,"Osprey NW Atlantic","NW Atlantic","Chesapeake Bay","Rappahannock","birds","Aves","Accipitriformes","Pandionidae","Pandion haliaetus","Osprey","Watts and Paxton 2007","breeding pairs",4,"Y",0.75
"Hilborn et al. (2017)","Osprey Rhode Island [breeding pairs]",NA,"Osprey NW Atlantic","NW Atlantic","Gulf of Maine","Rhode Island","birds","Aves","Accipitriformes","Pandionidae","Pandion haliaetus","Osprey","Bierregaard et al. 2014","breeding pairs",8,"Y",0.75
"Hilborn et al. (2017)","Osprey Wesport River [breeding pairs]",NA,"Osprey NW Atlantic","NW Atlantic","Gulf of Maine","Wesport River","birds","Aves","Accipitriformes","Pandionidae","Pandion haliaetus","Osprey","Bierregaard et al. 2014","breeding pairs",8,"Y",0.75
"Hilborn et al. (2017)","Osprey York [breeding pairs]",NA,"Osprey NW Atlantic","NW Atlantic","Chesapeake Bay","York","birds","Aves","Accipitriformes","Pandionidae","Pandion haliaetus","Osprey","Watts and Paxton 2007","breeding pairs",4,"Y",0.75
"Hilborn et al. (2017)","Pacific bluefin tuna Pacific Ocean [biomass (total)]",NA,"Pacific bluefin tuna NE Pacific","NE Pacific","Pacific Ocean","Pacific Ocean","fish","Actinopterygii","Perciformes","Scombridae","Thunnus orientalis","Pacific bluefin tuna","PBT Stock Assessment 2014","biomass (total)",61,"Y",0.8158
"Hilborn et al. (2017)","Pacific harbor seal California [abundance (total est.)]",NA,"Pacific harbor seal NE Pacific","NE Pacific","California","California","mammals","Mammalia","Carnivora","Phocidae","Phoca vitulina richardsi","Pacific harbor seal","NOAA 2013","abundance (total est.)",15,"Y",0.460916666666667
"Hilborn et al. (2017)","Pacific harbor seal Coastal Estuaries [abundance (total est.)]",NA,"Pacific harbor seal NE Pacific","NE Pacific","Washington","Coastal Estuaries","mammals","Mammalia","Carnivora","Phocidae","Phoca vitulina richardsi","Pacific harbor seal","Jeffries et al. 2003","abundance (total est.)",22,"Y",0.460916666666667
"Hilborn et al. (2017)","Pacific harbor seal Eastern Bays [abundance (total est.)]",NA,"Pacific harbor seal NE Pacific","NE Pacific","Washington","Eastern Bays","mammals","Mammalia","Carnivora","Phocidae","Phoca vitulina richardsi","Pacific harbor seal","Jeffries et al. 2003","abundance (total est.)",17,"Y",0.460916666666667
"Hilborn et al. (2017)","Pacific harbor seal Hood Canal [abundance (total est.)]",NA,"Pacific harbor seal NE Pacific","NE Pacific","Washington","Hood Canal","mammals","Mammalia","Carnivora","Phocidae","Phoca vitulina richardsi","Pacific harbor seal","Jeffries et al. 2003","abundance (total est.)",8,"Y",0.460916666666667
"Hilborn et al. (2017)","Pacific harbor seal Juan de la Fuca [abundance (total est.)]",NA,"Pacific harbor seal NE Pacific","NE Pacific","Washington","Juan de la Fuca","mammals","Mammalia","Carnivora","Phocidae","Phoca vitulina richardsi","Pacific harbor seal","Jeffries et al. 2003","abundance (total est.)",19,"Y",0.460916666666667
"Hilborn et al. (2017)","Pacific harbor seal Olympic Coast [abundance (total est.)]",NA,"Pacific harbor seal NE Pacific","NE Pacific","Washington","Olympic Coast","mammals","Mammalia","Carnivora","Phocidae","Phoca vitulina richardsi","Pacific harbor seal","Jeffries et al. 2003","abundance (total est.)",14,"Y",0.460916666666667
"Hilborn et al. (2017)","Pacific harbor seal Oregon [abundance (total est.)]",NA,"Pacific harbor seal NE Pacific","NE Pacific","Oregon","Oregon","mammals","Mammalia","Carnivora","Phocidae","Phoca vitulina richardsi","Pacific harbor seal","Brown et al. 2005","abundance (total est.)",20,"Y",0.460916666666667
"Hilborn et al. (2017)","Pacific harbor seal Puget Sound [abundance (total est.)]",NA,"Pacific harbor seal NE Pacific","NE Pacific","Washington","Puget Sound","mammals","Mammalia","Carnivora","Phocidae","Phoca vitulina richardsi","Pacific harbor seal","Jeffries et al. 2003","abundance (total est.)",10,"Y",0.460916666666667
"Hilborn et al. (2017)","Pacific harbor seal San Juan Islands [abundance (total est.)]",NA,"Pacific harbor seal NE Pacific","NE Pacific","Washington","San Juan Islands","mammals","Mammalia","Carnivora","Phocidae","Phoca vitulina richardsi","Pacific harbor seal","Jeffries et al. 2003","abundance (total est.)",18,"Y",0.460916666666667
"Hilborn et al. (2017)","Pacific saury Northwest Pacific","SAURNWPAC","Pacific saury NE Pacific","NE Pacific","Russia Japan","Northwest Pacific","fish","Actinopterygii","Beloniformes","Scomberesocidae","Cololabis saira","Pacific saury","RAM","ram",8,"Y",0.046
"Hilborn et al. (2017)","Pacific white-sided dolphin CA/OR/WA [abundance (geometric mean)]",NA,"Pacific white-sided dolphin NE Pacific","NE Pacific","CA/OR/WA","CA/OR/WA","mammals","Mammalia","Cetacea","Delphinidae","Lagenorhynchus obliquidens","Pacific white-sided dolphin","NOAA 2008, NOAA 2013","abundance (geometric mean)",2,"Y",0.51
"Hilborn et al. (2017)","Pacific white-sided dolphin CA/OR/WA [abundance (weighted mean)]",NA,"Pacific white-sided dolphin NE Pacific","NE Pacific","CA/OR/WA","CA/OR/WA","mammals","Mammalia","Cetacea","Delphinidae","Lagenorhynchus obliquidens","Pacific white-sided dolphin","NOAA 2000, NOAA 2003","abundance (weighted mean)",2,"Y",0.51
"Hilborn et al. (2017)","Pink-footed shearwater Southern California [density (fall)]",NA,"Pink-footed shearwater NE Pacific","NE Pacific","California","Southern California","birds","Aves","Ciconiiformes","Procellariidae","Puffinus creatopus","Pink-footed shearwater","Hyrenbach and Veit 2003","density (fall)",11,"Y",0.801
"Hilborn et al. (2017)","Pink-footed shearwater Southern California [density (spring)]",NA,"Pink-footed shearwater NE Pacific","NE Pacific","California","Southern California","birds","Aves","Ciconiiformes","Procellariidae","Puffinus creatopus","Pink-footed shearwater","Hyrenbach and Veit 2003","density (spring)",12,"Y",0.801
"Hilborn et al. (2017)","Pink-footed shearwater Southern California [density (summer)]",NA,"Pink-footed shearwater NE Pacific","NE Pacific","California","Southern California","birds","Aves","Ciconiiformes","Procellariidae","Puffinus creatopus","Pink-footed shearwater","Hyrenbach and Veit 2003","density (summer)",11,"Y",0.801
"Hilborn et al. (2017)","Pink-footed shearwater Southern California [density (winter)]",NA,"Pink-footed shearwater NE Pacific","NE Pacific","California","Southern California","birds","Aves","Ciconiiformes","Procellariidae","Puffinus creatopus","Pink-footed shearwater","Hyrenbach and Veit 2003","density (winter)",11,"Y",0.801
"Hilborn et al. (2017)","Pollock Gulf of Maine / Georges Bank","POLL5YZ","Pollock NW Atlantic","NW Atlantic","US East Coast","Gulf of Maine / Georges Bank","fish","Actinopterygii","Gadiformes","Gadidae","Pollachius virens","Pollock","RAM","ram",40,"Y",0.547333333333333
"Hilborn et al. (2017)","Pollock NAFO-4VWX5",NA,"Pollock NW Atlantic","NW Atlantic","Canada East Coast","NAFO-4VWX5","fish","Actinopterygii","Gadiformes","Gadidae","Pollachius virens","Pollock","RAM","ram",35,"Y",0.547333333333333
"Hilborn et al. (2017)","Red drum Florida-South Carolina [abundance (ages 1-3)]",NA,"Red drum NW Atlantic","NW Atlantic","NW Atlantic","Florida-South Carolina","fish","Actinopterygii","Perciformes","Sciaenidae","Sciaenops ocellatus","Red drum","Red Drum Stock Assessment Summary 2009","abundance (ages 1-3)",18,"Y",0.38925
"Hilborn et al. (2017)","Red drum North of North Carolina [abundance (ages 1-3)]",NA,"Red drum NW Atlantic","NW Atlantic","NW Atlantic","North of North Carolina","fish","Actinopterygii","Perciformes","Sciaenidae","Sciaenops ocellatus","Red drum","Red Drum Stock Assessment Summary 2009","abundance (ages 1-3)",19,"Y",0.38925
"Hilborn et al. (2017)","Red hake Gulf of Maine [biomass (log-scale)]",NA,"Red hake NW Atlantic","NW Atlantic","Gulf of Maine","Gulf of Maine","fish","Actinopterygii","Gadiformes","Phycidae","Urophycis chuss","Red hake","Nye et al. 2010","biomass (log-scale)",25,"Y",0.161
"Hilborn et al. (2017)","Rhinoceros auklet Southern California [density (fall)]",NA,"Rhinoceros auklet NE Pacific","NE Pacific","California","Southern California","birds","Aves","Charadriiformes","Alcidae","Cerorhinca monocerata","Rhinoceros auklet","Hyrenbach and Veit 2003","density (fall)",11,"Y",0.4375
"Hilborn et al. (2017)","Rhinoceros auklet Southern California [density (spring)]",NA,"Rhinoceros auklet NE Pacific","NE Pacific","California","Southern California","birds","Aves","Charadriiformes","Alcidae","Cerorhinca monocerata","Rhinoceros auklet","Hyrenbach and Veit 2003","density (spring)",12,"Y",0.4375
"Hilborn et al. (2017)","Rhinoceros auklet Southern California [density (summer)]",NA,"Rhinoceros auklet NE Pacific","NE Pacific","California","Southern California","birds","Aves","Charadriiformes","Alcidae","Cerorhinca monocerata","Rhinoceros auklet","Hyrenbach and Veit 2003","density (summer)",11,"Y",0.4375
"Hilborn et al. (2017)","Rhinoceros auklet Southern California [density (winter)]",NA,"Rhinoceros auklet NE Pacific","NE Pacific","California","Southern California","birds","Aves","Charadriiformes","Alcidae","Cerorhinca monocerata","Rhinoceros auklet","Hyrenbach and Veit 2003","density (winter)",11,"Y",0.4375
"Hilborn et al. (2017)","Sablefish Pacific Coast","SABLEFPCOAST","Sablefish NE Pacific","NE Pacific","US West Coast","Pacific Coast","fish","Actinopterygii","Scorpaeniformes","Anoplopomatidae","Anoplopoma fimbria","Sablefish","RAM","ram",112,"Y",0.18145
"Hilborn et al. (2017)","Sandbar shark Atlantic","SBARSHARATL","Sandbar shark NW Atlantic","NW Atlantic","US Southeast and Gulf","Atlantic","fish","Elasmobranchii","Carcharhiniformes","Carcharhinidae","Carcharhinus plumbeus","Sandbar shark","RAM","ram",0,"Y",0.05
"Hilborn et al. (2017)","Scup Northwestern Atlantic Coast","SCUPNWATLC","Scup NW Atlantic","NW Atlantic","US East Coast","Northwestern Atlantic Coast","fish","Actinopterygii","Perciformes","Sparidae","Stenotomus chrysops","Scup","RAM","ram",24,"Y",0.009
"Hilborn et al. (2017)","Short-beaked common dolphin CA/OR/WA [abundance (geometric mean)]",NA,"Short-beaked common dolphin NE Pacific","NE Pacific","CA/OR/WA","CA/OR/WA","mammals","Mammalia","Cetacea","Delphinidae","Delphinus delphis","Short-beaked common dolphin","NOAA 2008, NOAA 2011","abundance (geometric mean)",2,"Y",1.6749
"Hilborn et al. (2017)","Short-beaked common dolphin CA/OR/WA [abundance (weighted mean)]",NA,"Short-beaked common dolphin NE Pacific","NE Pacific","CA/OR/WA","CA/OR/WA","mammals","Mammalia","Cetacea","Delphinidae","Delphinus delphis","Short-beaked common dolphin","NOAA 2000, NOAA 2003","abundance (weighted mean)",2,"Y",1.6749
"Hilborn et al. (2017)","Shortfin mako shark Northwest Atlantic [cpue (standardized)]",NA,"Shortfin mako shark NW Atlantic","NW Atlantic","NW Atlantic","Northwest Atlantic","fish","Elasmobranchii","Lamniformes","Lamnidae","Isurus oxyrinchus","Shortfin mako shark","Cortes et al. 2007","cpue (standardized)",21,"Y",0.463333333333333
"Hilborn et al. (2017)","Shortfin mako shark Scotian Shelf, Canada [cpue (standardized)]",NA,"Shortfin mako shark NW Atlantic","NW Atlantic","NW Atlantic","Scotian Shelf, Canada","fish","Elasmobranchii","Lamniformes","Lamnidae","Isurus oxyrinchus","Shortfin mako shark","Campana et al. 2005","cpue (standardized)",16,"Y",0.463333333333333
"Hilborn et al. (2017)","Shortspine thornyhead Pacific Coast","SSTHORNHPCOAST","Shortspine thornyhead NE Pacific","NE Pacific","US West Coast","Pacific Coast","fish","Actinopterygii","Scorpaeniformes","Sebastidae","Sebastolobus alascanus","Shortspine thornyhead","RAM","ram",105,"Y",0.224633333333333
"Hilborn et al. (2017)","Silky shark Northwest Atlantic [cpue (standardized)]",NA,"Silky shark NW Atlantic","NW Atlantic","NW Atlantic","Northwest Atlantic","fish","Elasmobranchii","Carcharhiniformes","Carcharhinidae","Carcharhinus falciformis","Silky shark","Cortes et al. 2007","cpue (standardized)",14,"Y",0.461
"Hilborn et al. (2017)","Silver hake Gulf of Maine / Georges Bank","SHAKEGOMNGB","Silver hake NW Atlantic","NW Atlantic","US East Coast","Gulf of Maine / Georges Bank","fish","Actinopterygii","Gadiformes","Merlucciidae","Merluccius bilinearis","Silver hake","RAM","ram",0,"Y",0.400208333333333
"Hilborn et al. (2017)","Silver hake Southern Georges Bank / Mid-Atlantic","SHAKESGBMATL","Silver hake NW Atlantic","NW Atlantic","US East Coast","Southern Georges Bank / Mid-Atlantic","fish","Actinopterygii","Gadiformes","Merlucciidae","Merluccius bilinearis","Silver hake","RAM","ram",0,"Y",0.400208333333333
"Hilborn et al. (2017)","Smooth dogfish Northwest Atlantic Coast [biomass (pred.)]",NA,"Smooth dogfish NW Atlantic","NW Atlantic","Northwest Atlantic Coast","Northwest Atlantic Coast","fish","Elasmobranchii","Carcharhiniformes","Triakidae","Mustelus canis","Smooth dogfish","SEDAR 2015","biomass (pred.)",32,"Y",0.034
"Hilborn et al. (2017)","Sooty shearwater Southern California [density (fall)]",NA,"Sooty shearwater NE Pacific","NE Pacific","California","Southern California","birds","Aves","Procellariiformes","Procellariidae","Ardenna grisea","Sooty shearwater","Hyrenbach and Veit 2003","density (fall)",11,"Y",0.38
"Hilborn et al. (2017)","Sooty shearwater Southern California [density (spring)]",NA,"Sooty shearwater NE Pacific","NE Pacific","California","Southern California","birds","Aves","Procellariiformes","Procellariidae","Ardenna grisea","Sooty shearwater","Hyrenbach and Veit 2003","density (spring)",12,"Y",0.38
"Hilborn et al. (2017)","Sooty shearwater Southern California [density (summer)]",NA,"Sooty shearwater NE Pacific","NE Pacific","California","Southern California","birds","Aves","Procellariiformes","Procellariidae","Ardenna grisea","Sooty shearwater","Hyrenbach and Veit 2003","density (summer)",11,"Y",0.38
"Hilborn et al. (2017)","Sooty shearwater Southern California [density (winter)]",NA,"Sooty shearwater NE Pacific","NE Pacific","California","Southern California","birds","Aves","Procellariiformes","Procellariidae","Ardenna grisea","Sooty shearwater","Hyrenbach and Veit 2003","density (winter)",11,"Y",0.38
"Hilborn et al. (2017)","Spinner shark Florida-Maryland & Gulf Coast-Louisiana [cpue (standardized)]",NA,"Spinner shark NW Atlantic","NW Atlantic","NW Atlantic","Florida-Maryland & Gulf Coast-Louisiana","fish","Elasmobranchii","Carcharhiniformes","Carcharhinidae","Carcharhinus brevipinna","Spinner shark","Carlson et al. 2012","cpue (standardized)",16,"Y",0.6705
"Hilborn et al. (2017)","Spiny dogfish Atlantic Coast","SDOGATLC","Spiny dogfish NW Atlantic","NW Atlantic","US East Coast","Atlantic Coast","fish","Elasmobranchii","Squaliformes","Squalidae","Squalus acanthias","Spiny dogfish","RAM","ram",16,"Y",0.602953260869565
"Hilborn et al. (2017)","Spotted spiny dogfish Pacific Coast","SPSDOGPCOAST","Spotted spiny dogfish NE Pacific","NE Pacific","US West Coast","Pacific Coast","fish","Elasmobranchii","Squaliformes","Squalidae","Squalus suckleyi","Spotted spiny dogfish","RAM","ram",96,"Y",0.286875
"Hilborn et al. (2017)","Steller sea lion California [abundance (total)]",NA,"Steller sea lion NE Pacific","NE Pacific","California","California","mammals","Mammalia","Carnivora","Otariidae","Eumetopias jubatus","Steller sea lion","NOAA 2013","abundance (total)",10,"Y",0.308
"Hilborn et al. (2017)","Steller sea lion Oregon [abundance (total)]",NA,"Steller sea lion NE Pacific","NE Pacific","Oregon","Oregon","mammals","Mammalia","Carnivora","Otariidae","Eumetopias jubatus","Steller sea lion","NOAA 2013","abundance (total)",9,"Y",0.308
"Hilborn et al. (2017)","Steller sea lion Washington [abundance (total)]",NA,"Steller sea lion NE Pacific","NE Pacific","Washington","Washington","mammals","Mammalia","Carnivora","Otariidae","Eumetopias jubatus","Steller sea lion","NOAA 2013","abundance (total)",13,"Y",0.308
"Hilborn et al. (2017)","Striped bass Gulf of Maine / Cape Hatteras","STRIPEDBASSGOMCHATT","Striped bass NW Atlantic","NW Atlantic","US East Coast","Gulf of Maine / Cape Hatteras","fish","Actinopterygii","Perciformes","Moronidae","Morone saxatilis","Striped bass","RAM","ram",31,"Y",0.631071929824562
"Hilborn et al. (2017)","Striped marlin North Pacific",NA,"Striped marlin NE Pacific","NE Pacific","Pacific Ocean","North Pacific","fish","Actinopterygii","Perciformes","Istiophoridae","Kajikia audax","Striped marlin","RAM","ram",53,"Y",0.559213333333333
"Hilborn et al. (2017)","Summer flounder Mid-Atlantic Coast","SFLOUNMATLC","Summer flounder NW Atlantic","NW Atlantic","US East Coast","Mid-Atlantic Coast","fish","Actinopterygii","Pleuronectiformes","Paralichthyidae","Paralichthys dentatus","Summer flounder","RAM","ram",31,"Y",0.318366666666667
"Hilborn et al. (2017)","Swordfish Northern Atlantic","SWORDNATL","Swordfish NW Atlantic","NW Atlantic","Atlantic Ocean","Northern Atlantic","fish","Actinopterygii","Perciformes","Xiphiidae","Xiphias gladius","Swordfish","RAM","ram",60,"Y",0.5395
"Hilborn et al. (2017)","Weakfish Atlantic Coast","WEAKFISHATLC","Weakfish NW Atlantic","NW Atlantic","US East Coast","Atlantic Coast","fish","Actinopterygii","Perciformes","Sciaenidae","Cynoscion regalis","Weakfish","RAM","ram",28,"Y",0.283
"Hilborn et al. (2017)","Western Atlantic harbor seal Maine coast [abundance (est.)]",NA,"Western Atlantic harbor seal NW Atlantic","NW Atlantic","NW Atlantic","Maine coast","mammals","Mammalia","Carnivora","Phocidae","Phoca vitulina concolor","Western Atlantic harbor seal","NOAA 2012, NOAA 2015","abundance (est.)",2,"Y",0.894666666666667
"Hilborn et al. (2017)","Western Atlantic harbor seal Maine coast [abundance (min est.)]",NA,"Western Atlantic harbor seal NW Atlantic","NW Atlantic","NW Atlantic","Maine coast","mammals","Mammalia","Carnivora","Phocidae","Phoca vitulina concolor","Western Atlantic harbor seal","NOAA 1998, NOAA 2001","abundance (min est.)",4,"Y",0.894666666666667
"Hilborn et al. (2017)","Western Atlantic harbor seal Maine coast [abundance (min est.)].1",NA,"Western Atlantic harbor seal NW Atlantic","NW Atlantic","NW Atlantic","Maine coast","mammals","Mammalia","Carnivora","Phocidae","Phoca vitulina concolor","Western Atlantic harbor seal","NOAA 1998","abundance (min est.)",1,"Y",0.894666666666667
"Hilborn et al. (2017)","White hake Gulf of Maine / Georges Bank","WHAKEGBGOM","White hake NW Atlantic","NW Atlantic","US East Coast","Gulf of Maine / Georges Bank","fish","Actinopterygii","Gadiformes","Phycidae","Urophycis tenuis","White hake","RAM","ram",45,"Y",0.4495
"Hilborn et al. (2017)","White marlin Atlantic Ocean","WMARLINATL","White marlin NW Atlantic","NW Atlantic","Atlantic Ocean","Atlantic Ocean","fish","Actinopterygii","Perciformes","Istiophoridae","Kajikia albida","White marlin","RAM","ram",56,"Y",0.541
"Hilborn et al. (2017)","Widow rockfish Pacific Coast","WROCKPCOAST","Widow rockfish NE Pacific","NE Pacific","US West Coast","Pacific Coast","fish","Actinopterygii","Scorpaeniformes","Sebastidae","Sebastes entomelas","Widow rockfish","RAM","ram",96,"Y",0.0375
"Hilborn et al. (2017)","Xantus's murrellet Southern California [density (fall)]",NA,"Xantus's murrellet NE Pacific","NE Pacific","California","Southern California","birds","Aves","Charadriiformes","Alcidae","Synthliboramphus hypoleucus","Xantus's murrellet","Hyrenbach and Veit 2003","density (fall)",11,"Y",0.355
"Hilborn et al. (2017)","Xantus's murrellet Southern California [density (spring)]",NA,"Xantus's murrellet NE Pacific","NE Pacific","California","Southern California","birds","Aves","Charadriiformes","Alcidae","Synthliboramphus hypoleucus","Xantus's murrellet","Hyrenbach and Veit 2003","density (spring)",12,"Y",0.355
"Hilborn et al. (2017)","Xantus's murrellet Southern California [density (summer)]",NA,"Xantus's murrellet NE Pacific","NE Pacific","California","Southern California","birds","Aves","Charadriiformes","Alcidae","Synthliboramphus hypoleucus","Xantus's murrellet","Hyrenbach and Veit 2003","density (summer)",11,"Y",0.355
"Hilborn et al. (2017)","Xantus's murrellet Southern California [density (winter)]",NA,"Xantus's murrellet NE Pacific","NE Pacific","California","Southern California","birds","Aves","Charadriiformes","Alcidae","Synthliboramphus hypoleucus","Xantus's murrellet","Hyrenbach and Veit 2003","density (winter)",11,"Y",0.355
"Hilborn et al. (2017)","Yellowfin tuna Atlantic Ocean","YFINATL","Yellowfin tuna NW Atlantic","NW Atlantic","Atlantic Ocean","Atlantic Ocean","fish","Actinopterygii","Perciformes","Scombridae","Thunnus albacares","Yellowfin tuna","RAM","ram",62,"Y",0.5055
"Hilborn et al. (2017)","Yellowtail rockfish Northern Pacific Coast","YTROCKNPCOAST","Yellowtail rockfish NE Pacific","NE Pacific","US West Coast","Northern Pacific Coast","fish","Actinopterygii","Scorpaeniformes","Sebastidae","Sebastes flavidus","Yellowtail rockfish","RAM","ram",39,"Y",0.246
"Free et al. (in prep)","Black-legged kittiwake North Shields and Marsden (nests, with eggs)",NA,"Black-legged kittiwake Europe","Europe","England","North Shields and Marsden","birds","Aves","Ciconiiformes","Laridae","Rissa tridactyla","Black-legged kittiwake","Coulston and Thomas 1985 Figure 3","nests, with eggs",6,"Y",1.604325
"Free et al. (in prep)","Razorbill UK coast (index relative to 1986)",NA,"Razorbill Europe","Europe","England","UK coast","birds","Aves","Charadriiformes","Alcidae","Alca torda","Razorbill","Cook et al 2014 Figure 5","index relative to 1986",22,"Y",2.4413
"Free et al. (in prep)","Black-legged kittiwake Vedoy (nests, occupied)",NA,"Black-legged kittiwake Europe","Europe","Norway","Vedoy","birds","Aves","Ciconiiformes","Laridae","Rissa tridactyla","Black-legged kittiwake","Anker-Nilssen and Aarvak 2006","nests, occupied",24,"Y",1.604325
"Free et al. (in prep)","Atlantic puffin Hernyken Island (number of occupied burrows)",NA,"Atlantic puffin Europe","Europe","Norwegian Sea","Hernyken Island","birds","Aves","Charadriiformes","Alcidae","Fratercula arctica","Atlantic puffin","Anker-Nilssen and Aarvak 2006 Tabell 3.1","number of occupied burrows",23,"Y",2.76289487179487
"Free et al. (in prep)","Black-legged kittiwake Isle of May (nests, completed)",NA,"Black-legged kittiwake Europe","Europe","Scotland","Isle of May","birds","Aves","Ciconiiformes","Laridae","Rissa tridactyla","Black-legged kittiwake","Frederiksen et al 2004 Figure 1, Frederiksen et al 2004 Figure 3, Frederiksen et al 2004 Figure 5","nests, completed",28,"Y",1.604325
"Free et al. (in prep)","Black-legged kittiwake Isle of May (population size)",NA,"Black-legged kittiwake Europe","Europe","Scotland","Isle of May","birds","Aves","Ciconiiformes","Laridae","Rissa tridactyla","Black-legged kittiwake","Rindorf et al 2000 Figure 5","population size",13,"Y",1.604325
"Free et al. (in prep)","Common guillemot Isle of May (population size)",NA,"Common guillemot Europe","Europe","Scotland","Isle of May","birds","Aves","Charadriiformes","Alcidae","Uria aalge","Common guillemot","Rindorf et al 2000 Figure 5","population size",13,"Y",1.62448888888889
"Free et al. (in prep)","European shag Isle of May (number of breeding pairs)",NA,"European shag Europe","Europe","Scotland","Isle of May","birds","Aves","Ciconiiformes","Phalacrocoracidae","Phalacrocorax aristotelis","European shag","Wanless et al 1993 pdf p 10","number of breeding pairs",3,"Y",2.10272142857143
"Free et al. (in prep)","European shag Isle of May (population size)",NA,"European shag Europe","Europe","Scotland","Isle of May","birds","Aves","Ciconiiformes","Phalacrocoracidae","Phalacrocorax aristotelis","European shag","Rindorf et al 2000 Figure 5","population size",13,"Y",2.10272142857143
"Free et al. (in prep)","Common guillemot All Shetland Islands colonies (index relative to 1978)",NA,"Common guillemot Europe","Europe","Shetland Islands","All Shetland Islands colonies","birds","Aves","Charadriiformes","Alcidae","Uria aalge","Common guillemot","Dunnet and Heubeck 1995 Figure 8","index relative to 1978",18,"Y",1.62448888888889
"Free et al. (in prep)","European shag Burravoe (nests, max number)",NA,"European shag Europe","Europe","Shetland Islands","Burravoe","birds","Aves","Ciconiiformes","Phalacrocoracidae","Phalacrocorax aristotelis","European shag","Dunnet and Heubeck 1995 Table 4","nests, max number",10,"Y",2.10272142857143
"Free et al. (in prep)","Arctic skua Foula (occupied territory)",NA,"Arctic skua Europe","Europe","Shetland Islands","Foula","birds","Aves","Charadriiformes","Stercorariidae","Stercorarius parasiticus","Arctic skua","JNCC Data","occupied territory",4,"Y",1.9
"Free et al. (in prep)","Arctic tern Foula (occupied territory)",NA,"Arctic tern Europe","Europe","Shetland Islands","Foula","birds","Aves","Ciconiiformes","Laridae","Sterna paradisaea","Arctic tern","JNCC Data","occupied territory",38,"Y",1.75
"Free et al. (in prep)","Black-legged kittiwake Foula (nests, occupied)",NA,"Black-legged kittiwake Europe","Europe","Shetland Islands","Foula","birds","Aves","Ciconiiformes","Laridae","Rissa tridactyla","Black-legged kittiwake","JNCC Data","nests, occupied",14,"Y",1.604325
"Free et al. (in prep)","European shag Sumburgh (nests, max number)",NA,"European shag Europe","Europe","Shetland Islands","Sumburgh","birds","Aves","Ciconiiformes","Phalacrocoracidae","Phalacrocorax aristotelis","European shag","Dunnet and Heubeck 1995 Table 4","nests, max number",10,"Y",2.10272142857143
"Free et al. (in prep)","Black-legged kittiwake Sumburgh, Troswick, Eshaness and Burravoe (nests, max number occupied)",NA,"Black-legged kittiwake Europe","Europe","Shetland Islands","Sumburgh, Troswick, Eshaness and Burravoe","birds","Aves","Ciconiiformes","Laridae","Rissa tridactyla","Black-legged kittiwake","Dunnet and Heubeck 1995 Table 7","nests, max number occupied",13,"Y",1.604325
"Free et al. (in prep)","European shag Troswick (nests, max number)",NA,"European shag Europe","Europe","Shetland Islands","Troswick","birds","Aves","Ciconiiformes","Phalacrocoracidae","Phalacrocorax aristotelis","European shag","Dunnet and Heubeck 1995 Table 4","nests, max number",11,"Y",2.10272142857143
"Free et al. (in prep)","Guanay cormorant 6-14S (number of adults)",NA,"Guanay cormorant Humboldt","Humboldt","Peru","6-14S","birds","Aves","Ciconiiformes","Phalacrocoracidae","Phalacrocorax bougainvillii","Guanay cormorant","Tovar et al in Pauly and Tsukayama 1987 pdf p 224 Table 3","number of adults",30,"Y",1.03082857142857
"Free et al. (in prep)","Peruvian booby 6-14S (number of adults)",NA,"Peruvian booby Humboldt","Humboldt","Peru","6-14S","birds","Aves","Ciconiiformes","Sulidae","Sula variegata","Peruvian booby","Tovar et al in Pauly and Tsukayama 1987 pdf p 224 Table 4","number of adults",30,"Y",0.795671428571429
"Free et al. (in prep)","Peruvian pelican 6-14S (number of adults)",NA,"Peruvian pelican Humboldt","Humboldt","Peru","6-14S","birds","Aves","Ciconiiformes","Pelecanidae","Pelecanus thagus","Peruvian pelican","Tovar et al in Pauly and Tsukayama 1987 pdf p 224 Table 5","number of adults",30,"Y",0.8
"Free et al. (in prep)","Guanay cormorant Grupo Pescadores (number of breeders)",NA,"Guanay cormorant Humboldt","Humboldt","Peru","Grupo Pescadores","birds","Aves","Ciconiiformes","Phalacrocoracidae","Phalacrocorax bougainvillii","Guanay cormorant","Table A.5.1 in Boyd 2012 ","number of breeders",1,"Y",1.03082857142857
"Free et al. (in prep)","Peruvian booby Grupo Pescadores (number of breeders)",NA,"Peruvian booby Humboldt","Humboldt","Peru","Grupo Pescadores","birds","Aves","Ciconiiformes","Sulidae","Sula variegata","Peruvian booby","Table A.5.1 in Boyd 2012 ","number of breeders",1,"Y",0.795671428571429
"Free et al. (in prep)","Guanay cormorant Peru (number of adults)",NA,"Guanay cormorant Humboldt","Humboldt","Peru","Peru","birds","Aves","Ciconiiformes","Phalacrocoracidae","Phalacrocorax bougainvillii","Guanay cormorant","IMARPE.Renato","number of adults",64,"Y",1.03082857142857
"Free et al. (in prep)","Peruvian booby Peru (number of adults)",NA,"Peruvian booby Humboldt","Humboldt","Peru","Peru","birds","Aves","Ciconiiformes","Sulidae","Sula variegata","Peruvian booby","IMARPE.Renato","number of adults",64,"Y",0.795671428571429
"Free et al. (in prep)","Peruvian pelican Peru (number of adults)",NA,"Peruvian pelican Humboldt","Humboldt","Peru","Peru","birds","Aves","Ciconiiformes","Pelecanidae","Pelecanus thagus","Peruvian pelican","IMARPE.Renato","number of adults",64,"Y",0.8
"Free et al. (in prep)","Guanay cormorant Peruvian Sea (number of individuals)",NA,"Guanay cormorant Humboldt","Humboldt","Peru","Peruvian Sea","birds","Aves","Ciconiiformes","Phalacrocoracidae","Phalacrocorax bougainvillii","Guanay cormorant","Jahncke 1998 Figuera 1","number of individuals",44,"Y",1.03082857142857
"Free et al. (in prep)","Peruvian booby Peruvian Sea (number of individuals)",NA,"Peruvian booby Humboldt","Humboldt","Peru","Peruvian Sea","birds","Aves","Ciconiiformes","Sulidae","Sula variegata","Peruvian booby","Jahncke 1998 Figuera 1","number of individuals",44,"Y",0.795671428571429
"Free et al. (in prep)","Peruvian pelican Peruvian Sea (number of individuals)",NA,"Peruvian pelican Humboldt","Humboldt","Peru","Peruvian Sea","birds","Aves","Ciconiiformes","Pelecanidae","Pelecanus thagus","Peruvian pelican","Jahncke 1998 Figuera 1","number of individuals",44,"Y",0.8
"Cury et al. (2011)","Pigeon guillemot Farallon (breeding adults)",NA,"Pigeon guillemot California Current","California Current","California Current","Farallon","birds","Aves","Charadriiformes","Alcidae","Cepphus columba","Pigeon guillemot","Warzybok et al 2009","breeding adults",30,"Y",0.2
"Cury et al. (2011)","Common guillemot Farallon (breeding adults)",NA,"Common guillemot California Current","California Current","California Current","Farallon","birds","Aves","Charadriiformes","Alcidae","Uria aalge","Common guillemot","Warzybok et al 2014","breeding adults",26,"Y",0.43
"Cury et al. (2011)","Black-legged kittiwake Vedoy (occupied nests)",NA,"Black-legged kittiwake Norwegian Sea","Norwegian Sea","Norwegian Sea","Vedoy","birds","Aves","Ciconiiformes","Laridae","Rissa tridactyla","Black-legged kittiwake","Anker-Nilssen and Aarvak 2006","occupied nests",24,"Y",0
"Cury et al. (2011)","Atlantic puffin Hernyken (apparently occupied burrows)",NA,"Atlantic puffin Norwegian Sea","Norwegian Sea","Norwegian Sea","Hernyken","birds","Aves","Charadriiformes","Alcidae","Fratercula arctica","Atlantic puffin","Anker-Nilssen and Aarvak 2006","apparently occupied burrows",23,"Y",0.56
"Cury et al. (2011)","Red-billed gull Kaikoura (breeders)",NA,"Red-billed gull New Zealand","New Zealand","New Zealand","Kaikoura","birds","Aves","Charadriiformes","Laridae","Larus novaehollandiae scopulinus","Red-billed gull","Mills et al 2008","breeders",22,"Y",0.84
"Cury et al. (2011)","Gentoo penguin S Georgia (breeding pairs)",NA,"Gentoo penguin Scotia Sea","Scotia Sea","Scotia Sea","S Georgia","birds","Aves","Sphenisciformes","Spheniscidae","Pygoscelis papua","Gentoo penguin","Boyd and Murray 2001","breeding pairs",21,"Y",0.525
"Cury et al. (2011)","African penguin W Cape (pairs)",NA,"African penguin Benguela Current","Benguela Current","Benguela Current","W Cape","birds","Aves","Sphenisciformes","Spheniscidae","Spheniscus demersus","African penguin","Crawford et al 2008","pairs",20,"Y",0.86
"Cury et al. (2011)","Cape gannet W Cape (pairs)",NA,"Cape gannet Benguela Current","Benguela Current","Benguela Current","W Cape","birds","Aves","Suliformes","Sulidae","Morus capensis","Cape gannet","Crawford et al 2008","pairs",18,"Y",0.61
"Cury et al. (2011)","Cape gannet E Cape (pairs)",NA,"Cape gannet Benguela Current","Benguela Current","Benguela Current","E Cape","birds","Aves","Suliformes","Sulidae","Morus capensis","Cape gannet","Crawford et al 2008","pairs",15,"Y",0.61
"Cury et al. (2011)","Rhinoceros auklet Farallon (pairs)",NA,"Rhinoceros auklet California Current","California Current","California Current","Farallon","birds","Aves","Charadriiformes","Alcidae","Cerorhinca monocerata","Rhinoceros auklet","Ainley and Boekelheide 1989","pairs",15,"Y",0.16
"Cury et al. (2011)","Black-legged kittiwake Chisik (NA)",NA,"Black-legged kittiwake Gulf of Alaska","Gulf of Alaska","Gulf of Alaska","Chisik","birds","Aves","Ciconiiformes","Laridae","Rissa tridactyla","Black-legged kittiwake","Jones and Peterson 1979 in Piatt 2002, Kafka 1984 in Piatt 2002, Nishimoto 1987 in Piatt 2002, Nishimoto unpub in Piatt 2002, North Pacific Seabird Data Portal (Robb Kaler), Slater et al 1995 in Piatt 2002, Snarski 1974 in Piatt 2002, Zador et al 1997","",9,"Y",0.83
"Cury et al. (2011)","Common guillemot Chisik (NA)",NA,"Common guillemot Gulf of Alaska","Gulf of Alaska","Gulf of Alaska","Chisik","birds","Aves","Charadriiformes","Alcidae","Uria aalge","Common guillemot","Erikson 1993 in Piatt 2002, Jones and Peterson 1979 in Piatt 2002, Muhlberg 1984 in Piatt 2002, Nishimoto et al 1987 in Piatt 2002, Piatt 2002, Slater et al 1995 in Piatt 2002, Zador and Piatt 1999, Zador et al 1997 in Piatt 2002","",9,"Y",0.91
"Cury et al. (2011)","Common guillemot Gull (NA)",NA,"Common guillemot Gulf of Alaska","Gulf of Alaska","Gulf of Alaska","Gull","birds","Aves","Charadriiformes","Alcidae","Uria aalge","Common guillemot","in Nishimoto and Beringer 1989, Nishimoto and Thomas 1991, Nishinoto and Beringer 1989, North Pacific Seabird Data Portal (Robb Kaler); Nishomoto and Thomas 1991, Piatt 2002, Zador et al 1997","",9,"Y",0.91
"Cury et al. (2011)","African penguin E Cape (pairs)",NA,"African penguin Benguela Current","Benguela Current","Benguela Current","E Cape","birds","Aves","Sphenisciformes","Spheniscidae","Spheniscus demersus","African penguin","Crawford et al 2008","pairs",8,"Y",0.86
"Cury et al. (2011)","Black-legged kittiwake Gull (nests)",NA,"Black-legged kittiwake Gulf of Alaska","Gulf of Alaska","Gulf of Alaska","Gull","birds","Aves","Ciconiiformes","Laridae","Rissa tridactyla","Black-legged kittiwake","Nishimoto et al 1987 in Piatt 2002, Piatt 2002, Zador et al 1997 in Piatt 2002","nests",4,"Y",0.83
"Cury et al. (2011)","Black-legged kittiwake Gull (NA)",NA,"Black-legged kittiwake Gulf of Alaska","Gulf of Alaska","Gulf of Alaska","Gull","birds","Aves","Ciconiiformes","Laridae","Rissa tridactyla","Black-legged kittiwake","Nishimoto et al 1987 in Piatt 2002, Piatt 2002, Zador et al 1997 in Piatt 2002","",3,"Y",0.83
"Cury et al. (2011)","African penguin Robben Island (pairs)",NA,"African penguin Benguela Current","Benguela Current","Benguela Current","Robben Island","birds","Aves","Sphenisciformes","Spheniscidae","Spheniscus demersus","African penguin","Du Toit et al 2004 in 106","pairs",2,"Y",0.86
"Cury et al. (2011)","African penguin South (pairs)",NA,"African penguin Benguela Current","Benguela Current","Benguela Current","South","birds","Aves","Sphenisciformes","Spheniscidae","Spheniscus demersus","African penguin","Crawford et al 2001 in 106","pairs",2,"Y",0.86
"Cury et al. (2011)","Atlantic puffin Rost (apparently occupied burrows)",NA,"Atlantic puffin Norwegian Sea","Norwegian Sea","Norwegian Sea","Rost","birds","Aves","Charadriiformes","Alcidae","Fratercula arctica","Atlantic puffin","Anker-Nilssen 2010","apparently occupied burrows",2,"Y",0.56
"Cury et al. (2011)","Black-legged kittiwake Chisik (nests)",NA,"Black-legged kittiwake Gulf of Alaska","Gulf of Alaska","Gulf of Alaska","Chisik","birds","Aves","Ciconiiformes","Laridae","Rissa tridactyla","Black-legged kittiwake","Piatt 2002, Zador et al 1997","nests",2,"Y",0.83
"Cury et al. (2011)","African penguin Dassen Island (adult plumage)",NA,"African penguin Benguela Current","Benguela Current","Benguela Current","Dassen Island","birds","Aves","Sphenisciformes","Spheniscidae","Spheniscus demersus","African penguin","Shannon and Crawford 1999 in 106","adult plumage",1,"Y",0.86
"Cury et al. (2011)","African penguin Dassen Island (NA)",NA,"African penguin Benguela Current","Benguela Current","Benguela Current","Dassen Island","birds","Aves","Sphenisciformes","Spheniscidae","Spheniscus demersus","African penguin","Crawford et al 2005 in 106","",1,"Y",0.86
"Cury et al. (2011)","Black-legged kittiwake Barren (NA)",NA,"Black-legged kittiwake Gulf of Alaska","Gulf of Alaska","Gulf of Alaska","Barren","birds","Aves","Ciconiiformes","Laridae","Rissa tridactyla","Black-legged kittiwake","pers comm Arthur Kettle","",1,"Y",0.83
"Cury et al. (2011)","Black-legged kittiwake Gull (breeding only)",NA,"Black-legged kittiwake Gulf of Alaska","Gulf of Alaska","Gulf of Alaska","Gull","birds","Aves","Ciconiiformes","Laridae","Rissa tridactyla","Black-legged kittiwake","North Pacific Seabird Data Portal (Robb Kaler)","breeding only",1,"Y",0.83
"Cury et al. (2011)","Common guillemot Barren (unknown)",NA,"Common guillemot Gulf of Alaska","Gulf of Alaska","Gulf of Alaska","Barren","birds","Aves","Charadriiformes","Alcidae","Uria aalge","Common guillemot","North Pacific Seabird Data Portal (Robb Kaler)","unknown",1,"Y",0.91
"Cury et al. (2011)","Common guillemot Chisik (unknown)",NA,"Common guillemot Gulf of Alaska","Gulf of Alaska","Gulf of Alaska","Chisik","birds","Aves","Charadriiformes","Alcidae","Uria aalge","Common guillemot","North Pacific Seabird Data Portal (Robb Kaler); Snarski 1971b in Piatt 2002","unknown",1,"Y",0.91
"Towell et al. (2016)","Northern fur seal St. George",NA,"Northern fur seal Pribolof Islands","Bering Sea","Pribolof Islands","St. George","mammals","Mammalia","Carnivora","Otariidae","Callorhinus ursinus","Northern fur seal","Towell et al 2016 Figure 2","# of males (harem males + idle males)",41,"Y",0.930191258483333
"Towell et al. (2016)","Northern fur seal St. Paul",NA,"Northern fur seal Pribolof Islands","Bering Sea","Pribolof Islands","St. Paul","mammals","Mammalia","Carnivora","Otariidae","Callorhinus ursinus","Northern fur seal","Towell et al 2016 Figure 2","# of males (harem males + idle males)",42,"Y",0.930191258483333
