"diet_id","region","area","location","pred_comm","pred_species","pred_stage","stage_units","season","reference","year","prey_comm","prey_species","prey_size_mm","prey_age_yr","diet_prop","diet_prop_units","comment"
"European hake Europe","Europe",NA,NA,"European hake","Merluccius merluccius",NA,NA,NA,"Du Buit 1996 Figure 4","1983-1985","European sprat","Sprattus sprattus","90-160",NA,NA,NA,NA
"Whiting Europe","Europe",NA,NA,"Whiting","Merlangius merlangus",NA,NA,"Jan-Mar","Daan 1989 Table 8C1","1981","Sandeel spp.","Ammodytidae spp.",NA,NA,0.0717,"by weight","percents are averaged across age classes of the predator"
"Whiting Europe","Europe",NA,NA,"Whiting","Merlangius merlangus",NA,NA,"Jan-Mar","Daan 1989 Table 8C1","1981","European sprat","Sprattus sprattus",NA,NA,0.1654,"by weight","percents are averaged across age classes of the predator"
"Whiting Europe","Europe",NA,NA,"Whiting","Merlangius merlangus",NA,NA,"Jan-Mar","Daan 1989 Table 8C1","1981","Norway pout","Trisopterus esmarkii",NA,NA,0.2104,"by weight","percents are averaged across age classes of the predator"
"Whiting Europe","Europe",NA,NA,"Whiting","Merlangius merlangus",NA,NA,"Apr-Jun","Daan 1989 Table 8C2","1981","Sandeel spp.","Ammodytidae spp.",NA,NA,0.4676,"by weight","percents are averaged across age classes of the predator"
"Whiting Europe","Europe",NA,NA,"Whiting","Merlangius merlangus",NA,NA,"Apr-Jun","Daan 1989 Table 8C2","1981","European sprat","Sprattus sprattus",NA,NA,0.0316,"by weight","percents are averaged across age classes of the predator"
"Whiting Europe","Europe",NA,NA,"Whiting","Merlangius merlangus",NA,NA,"Apr-Jun","Daan 1989 Table 8C2","1981","Norway pout","Trisopterus esmarkii",NA,NA,0.1576,"by weight","percents are averaged across age classes of the predator"
"Whiting Europe","Europe",NA,NA,"Whiting","Merlangius merlangus",NA,NA,"Jul-Sep","Daan 1989 Table 8C3","1981","Sandeel spp.","Ammodytidae spp.",NA,NA,0.1467,"by weight","percents are averaged across age classes of the predator"
"Whiting Europe","Europe",NA,NA,"Whiting","Merlangius merlangus",NA,NA,"Jul-Sep","Daan 1989 Table 8C3","1981","European sprat","Sprattus sprattus",NA,NA,0.2112,"by weight","percents are averaged across age classes of the predator"
"Whiting Europe","Europe",NA,NA,"Whiting","Merlangius merlangus",NA,NA,"Jul-Sep","Daan 1989 Table 8C3","1981","Norway pout","Trisopterus esmarkii",NA,NA,0.0767,"by weight","percents are averaged across age classes of the predator"
"Whiting Europe","Europe",NA,NA,"Whiting","Merlangius merlangus",NA,NA,"Oct-Dec","Daan 1989 Table 8C4","1981","Sandeel spp.","Ammodytidae spp.",NA,NA,0.1421,"by weight","percents are averaged across age classes of the predator"
"Whiting Europe","Europe",NA,NA,"Whiting","Merlangius merlangus",NA,NA,"Oct-Dec","Daan 1989 Table 8C4","1981","European sprat","Sprattus sprattus",NA,NA,0.0953,"by weight","percents are averaged across age classes of the predator"
"Whiting Europe","Europe",NA,NA,"Whiting","Merlangius merlangus",NA,NA,"Oct-Dec","Daan 1989 Table 8C4","1981","Norway pout","Trisopterus esmarkii",NA,NA,0.2543,"by weight","percents are averaged across age classes of the predator"
"Atlantic mackerel Europe","Europe",NA,NA,"Atlantic mackerel","Scomber scombrus","3-7 yr","yr","Jan-Mar","Daan 1989 Table 8D1","1980-1983","Sandeel spp.","Ammodytidae spp.",NA,NA,0.122,"by weight",NA
"Atlantic mackerel Europe","Europe",NA,NA,"Atlantic mackerel","Scomber scombrus",NA,NA,"Apr-Jun","Daan 1989 Table 8D2","1980-1983","Sandeel spp.","Ammodytidae spp.",NA,NA,0.4863,"by weight","percents are averaged across age classes of the predator"
"Atlantic mackerel Europe","Europe",NA,NA,"Atlantic mackerel","Scomber scombrus",NA,NA,"Apr-Jun","Daan 1989 Table 8D2","1980-1983","European sprat","Sprattus sprattus",NA,NA,0.0167,"by weight","percents are averaged across age classes of the predator"
"Atlantic mackerel Europe","Europe",NA,NA,"Atlantic mackerel","Scomber scombrus",NA,NA,"Apr-Jun","Daan 1989 Table 8D2","1980-1983","Norway pout","Trisopterus esmarkii",NA,NA,7e-04,"by weight","percents are averaged across age classes of the predator"
"Atlantic mackerel Europe","Europe",NA,NA,"Atlantic mackerel","Scomber scombrus",NA,NA,"Jul-Sep","Daan 1989 Table 8D3","1980-1983","Sandeel spp.","Ammodytidae spp.",NA,NA,0.1383,"by weight","percents are averaged across age classes of the predator"
"Atlantic mackerel Europe","Europe",NA,NA,"Atlantic mackerel","Scomber scombrus",NA,NA,"Jul-Sep","Daan 1989 Table 8D3","1980-1983","European sprat","Sprattus sprattus",NA,NA,0.0457,"by weight","percents are averaged across age classes of the predator"
"Atlantic mackerel Europe","Europe",NA,NA,"Atlantic mackerel","Scomber scombrus",NA,NA,"Jul-Sep","Daan 1989 Table 8D3","1980-1983","Norway pout","Trisopterus esmarkii",NA,NA,0.0537,"by weight","percents are averaged across age classes of the predator"
"Atlantic mackerel Europe","Europe",NA,NA,"Atlantic mackerel","Scomber scombrus",NA,NA,"Oct-Dec","Daan 1989 Table 8D4","1980-1983","Sandeel spp.","Ammodytidae spp.",NA,NA,0.013,"by weight","percents are averaged across age classes of the predator"
"Atlantic mackerel Europe","Europe",NA,NA,"Atlantic mackerel","Scomber scombrus","3-7 yr","yr","Oct-Dec","Daan 1989 Table 8D4","1980-1983","European sprat","Sprattus sprattus",NA,NA,0.017,"by weight",NA
"Atlantic mackerel Europe","Europe",NA,NA,"Atlantic mackerel","Scomber scombrus",NA,NA,"Oct-Dec","Daan 1989 Table 8D4","1980-1983","Norway pout","Trisopterus esmarkii",NA,NA,0.1347,"by weight","percents are averaged across age classes of the predator"
"Pollock Europe","Europe",NA,NA,"Pollock","Pollachius virens",NA,NA,"Oct-Mar","Daan 1989 Table 8E","1980-1982","Sandeel spp.","Ammodytidae spp.",NA,NA,0.2404,"by weight","percents are averaged across age classes of the predator"
"Pollock Europe","Europe",NA,NA,"Pollock","Pollachius virens",NA,NA,"Oct-Mar","Daan 1989 Table 8E","1980-1982","European sprat","Sprattus sprattus",NA,NA,0.0392,"by weight","percents are averaged across age classes of the predator"
"Pollock Europe","Europe",NA,NA,"Pollock","Pollachius virens",NA,NA,"Oct-Mar","Daan 1989 Table 8E","1980-1982","Norway pout","Trisopterus esmarkii",NA,NA,0.479,"by weight","percents are averaged across age classes of the predator"
"Pollock Europe","Europe",NA,NA,"Pollock","Pollachius virens",NA,NA,"Apr-Sep","Daan 1989 Table 8E","1980-1982","Sandeel spp.","Ammodytidae spp.",NA,NA,0.2722,"by weight","percents are averaged across age classes of the predator"
"Pollock Europe","Europe",NA,NA,"Pollock","Pollachius virens","300 mm","mm","Apr-Sep","Daan 1989 Table 8E","1980-1982","European sprat","Sprattus sprattus",NA,NA,0.003,"by weight",NA
"Pollock Europe","Europe",NA,NA,"Pollock","Pollachius virens",NA,NA,"Apr-Sep","Daan 1989 Table 8E","1980-1982","Norway pout","Trisopterus esmarkii",NA,NA,0.2131,"by weight","percents are averaged across age classes of the predator"
"Black-legged kittiwake Europe","Europe","England","North Shields and Marsden","Black-legged kittiwake","Rissa tridactyla","adult","age class","Feb-Apr","Coulston and Thomas 1985 Table 4","1968-1973","Sandeel spp.","Ammodytidae spp.",NA,NA,0.13,"by weight",NA
"Black-legged kittiwake Europe","Europe","England","North Shields and Marsden","Black-legged kittiwake","Rissa tridactyla","chick","age class","Jun-Jul","Coulston and Thomas 1985 Table 4","1968-1973","Sandeel spp.","Ammodytidae spp.",NA,NA,0.66,"by weight",NA
"Black-legged kittiwake Europe","Europe","England","Farne Islands","Black-legged kittiwake","Rissa tridactyla",NA,NA,"Jun-Jul","Pearson 1968 in Coulston and Thomas 1985","1961-1963","Sandeel spp.","Ammodytidae spp.",NA,NA,0.56,"by weight",NA
"Black-legged kittiwake Europe","Europe","Isle of May",NA,"Black-legged kittiwake","Rissa tridactyla",NA,NA,"Jun-Jul","Galbraith 1983 in Coulston and Thomas 1985","1982","Sandeel spp.","Ammodytidae spp.",NA,NA,0.8,"by weight","converted to weight using Peason 1968 data"
"Common guillemot Europe","Europe","Shetland",NA,"Common guillemot","Uria aalge",NA,NA,"May-Aug","Furness (1983, 1989) in Furness 1990","1975-1983","Lesser sand-eel","Ammodytes marinus","140-170",NA,1,"by weight","size=modal length in Jun-Jul"
"Common guillemot Europe","Europe","Shetland",NA,"Common guillemot","Uria aalge",NA,NA,"Mar-Aug","Blake et al 1985 in Furness 1990","1975-1983","Lesser sand-eel","Ammodytes marinus",NA,NA,0.9,"by weight",NA
"Common guillemot Europe","Europe","Shetland",NA,"Common guillemot","Uria aalge",NA,NA,"Jan","Tasker et al 1987 in Furness 1990","1975-1983","Lesser sand-eel","Ammodytes marinus",NA,NA,0.5,"by weight",NA
"Northern fulmar Europe","Europe","Shetland",NA,"Northern fulmar","Fulmarus glacialis",NA,NA,"Jun-Aug","Furness and Todd 1984 in Furness 1990","1975-1983","Lesser sand-eel","Ammodytes marinus","60-120",NA,0.7,"by weight","size=modal length in Jun-Jul"
"Northern fulmar Europe","Europe","Shetland",NA,"Northern fulmar","Fulmarus glacialis",NA,NA,"Jun","Fowler and Dye 1987 in Furness 1990","1975-1983","Lesser sand-eel","Ammodytes marinus",NA,NA,0.5,"by weight",NA
"Atlantic puffin Europe","Europe","Shetland",NA,"Atlantic puffin","Fratercula arctica",NA,NA,"May-Aug","Furness (1983, 1989) in Furness 1990","1975-1983","Lesser sand-eel","Ammodytes marinus","80-120",NA,1,"by weight","size=modal length in Jun-Jul"
"Atlantic puffin Europe","Europe","Shetland",NA,"Atlantic puffin","Fratercula arctica",NA,NA,"Jun-Jul","Martin 1989 in Furness 1990","1975-1983","Lesser sand-eel","Ammodytes marinus",NA,NA,0.97,"by weight",NA
"Northern gannet Europe","Europe","Shetland",NA,"Northern gannet","Morus bassanus",NA,NA,"Jun-Jul","Martin 1989 in Furness 1990","1975-1983","Lesser sand-eel","Ammodytes marinus",NA,NA,0.8,"by weight",NA
"Northern gannet Europe","Europe","Shetland",NA,"Northern gannet","Morus bassanus",NA,NA,"May-Aug","Furness (1983, 1989) in Furness 1990","1975-1983","Lesser sand-eel","Ammodytes marinus",NA,NA,0.5,"by weight",NA
"European shag Europe","Europe","Shetland",NA,"European shag","Phalacrocorax aristotelis",NA,NA,"Apr-Aug","Furness (1983, 1989) in Furness 1990","1975-1983","Lesser sand-eel","Ammodytes marinus","100-150",NA,1,"by weight","size=modal length in Jun-Jul"
"Black-legged kittiwake Europe","Europe","Shetland",NA,"Black-legged kittiwake","Rissa tridactyla",NA,NA,"May-Jul","Furness (1983, 1989) in Furness 1990","1975-1983","Lesser sand-eel","Ammodytes marinus","80-100",NA,1,"by weight","size=modal length in Jun-Jul"
"Razorbill Europe","Europe","Shetland",NA,"Razorbill","Alca torda",NA,NA,"Jun-Jul","Furness (1983, 1989) in Furness 1990","1975-1983","Lesser sand-eel","Ammodytes marinus","60-80",NA,1,"by weight","size=modal length in Jun-Jul"
"Great black-backed gull Europe","Europe","Shetland",NA,"Great black-backed gull","Larus marinus",NA,NA,"May-Jul","Furness (1983, 1989) in Furness 1990","1975-1983","Lesser sand-eel","Ammodytes marinus","80-140",NA,0.4,"by weight","size=modal length in Jun-Jul"
"Great black-backed gull Europe","Europe","Shetland",NA,"Great black-backed gull","Larus marinus",NA,NA,"Apr-Jun","Furness 1990","1975-1983","Lesser sand-eel","Ammodytes marinus",NA,NA,0.8,"by weight",NA
"Great black-backed gull Europe","Europe","Shetland",NA,"Great black-backed gull","Larus marinus",NA,NA,"Jul-Aug","Beaman 1978 in Furness 1990","1975-1983","Lesser sand-eel","Ammodytes marinus",NA,NA,0.5,"by weight",NA
"Great skua Europe","Europe","Shetland",NA,"Great skua","Stercorarius skua",NA,NA,"Mar","Furness 1990","1975-1983","Lesser sand-eel","Ammodytes marinus","100-140",NA,0.3,"by weight","size=modal length in Jun-Jul"
"Great skua Europe","Europe","Shetland",NA,"Great skua","Stercorarius skua",NA,NA,"Apr","Furness 1990","1975-1983","Lesser sand-eel","Ammodytes marinus",NA,NA,0.5,"by weight",NA
"Great skua Europe","Europe","Shetland",NA,"Great skua","Stercorarius skua",NA,NA,"May-Jun","Furness 1990","1975-1983","Lesser sand-eel","Ammodytes marinus",NA,NA,0.8,"by weight",NA
"Great skua Europe","Europe","Shetland",NA,"Great skua","Stercorarius skua",NA,NA,"Jul","Furness (1983, 1989) in Furness 1990; Furness and Hislop 1981","1975-1983","Lesser sand-eel","Ammodytes marinus",NA,NA,0.5,"by weight",NA
"Black guillemot Europe","Europe","Shetland",NA,"Black guillemot","Cepphus grylle",NA,NA,"May-Aug","Furness (1983, 1989) in Furness 1990","1975-1983","Lesser sand-eel","Ammodytes marinus","100-180",NA,0.6,"by weight","size=modal length in Jun-Jul"
"Arctic tern Europe","Europe","Shetland",NA,"Arctic tern","Sterna paradisaea",NA,NA,"Jun-Jul","Furness (1983, 1989) in Furness 1990; Ewins 1985a in Furness 1990","1975-1983","Lesser sand-eel","Ammodytes marinus","30-80",NA,1,"by weight","size=modal length in Jun-Jul"
"European herring gull Europe","Europe","Shetland",NA,"European herring gull","Larus argentatus",NA,NA,"May-Aug","Hudson 1986 in Furness 1990","1975-1983","Lesser sand-eel","Ammodytes marinus","80-140",NA,0.2,"by weight","size=modal length in Jun-Jul"
"Arctic skua Europe","Europe","Shetland",NA,"Arctic skua","Stercorarius parasiticus",NA,NA,"May-Jul","Furness (1983, 1989) in Furness 1990","1975-1983","Lesser sand-eel","Ammodytes marinus","60-140",NA,1,"by weight","size=modal length in Jun-Jul"
"Atlantic puffin Europe","Europe","Hermaness",NA,"Atlantic puffin","Fratercula arctica",NA,NA,"Jul","Heubeck ed 1989 pdf page 34","1973","Lesser sand-eel","Ammodytes marinus","77.3",NA,0.9,"by weight","size=average size"
"Atlantic puffin Europe","Europe","Hermaness",NA,"Atlantic puffin","Fratercula arctica",NA,NA,"Jul","Heubeck ed 1989 pdf page 34","1974","Lesser sand-eel","Ammodytes marinus","97.4",NA,0.79,"by weight","size=average size"
"Atlantic puffin Europe","Europe","Hermaness",NA,"Atlantic puffin","Fratercula arctica",NA,NA,"Jul-Aug","Heubeck ed 1989 pdf page 34","1976","Lesser sand-eel","Ammodytes marinus","80.9",NA,0.81,"by weight","size=average size"
"Atlantic puffin Europe","Europe","Hermaness",NA,"Atlantic puffin","Fratercula arctica",NA,NA,"Jun-Jul","Heubeck ed 1989 pdf page 34","1978","Lesser sand-eel","Ammodytes marinus","79.8",NA,0.87,"by weight","size=average size"
"Atlantic puffin Europe","Europe","Hermaness",NA,"Atlantic puffin","Fratercula arctica",NA,NA,"Jul","Heubeck ed 1989 pdf page 34","1979","Lesser sand-eel","Ammodytes marinus","105.4",NA,0.9,"by weight","size=average size"
"Atlantic puffin Europe","Europe","Hermaness",NA,"Atlantic puffin","Fratercula arctica",NA,NA,"Jun","Heubeck ed 1989 pdf page 34","1981","Lesser sand-eel","Ammodytes marinus","76.7",NA,0.99,"by weight","size=average size"
"Atlantic puffin Europe","Europe","Hermaness",NA,"Atlantic puffin","Fratercula arctica",NA,NA,"Jun","Heubeck ed 1989 pdf page 34","1983","Lesser sand-eel","Ammodytes marinus","64.3",NA,0.96,"by weight","size=average size"
"Atlantic puffin Europe","Europe","Hermaness",NA,"Atlantic puffin","Fratercula arctica",NA,NA,"Jun","Heubeck ed 1989 pdf page 34","1984","Lesser sand-eel","Ammodytes marinus","56.9",NA,0.9,"by weight","size=average size"
"Atlantic puffin Europe","Europe","Hermaness",NA,"Atlantic puffin","Fratercula arctica",NA,NA,"Jun","Heubeck ed 1989 pdf page 34","1986","Lesser sand-eel","Ammodytes marinus","43.8",NA,1,"by weight","size=average size"
"Atlantic puffin Europe","Europe","Hermaness",NA,"Atlantic puffin","Fratercula arctica",NA,NA,"Jul","Heubeck ed 1989 pdf page 34","1987","Lesser sand-eel","Ammodytes marinus","30",NA,0.19,"by weight","size=average size"
"Atlantic puffin Europe","Europe","Hermaness",NA,"Atlantic puffin","Fratercula arctica",NA,NA,"Jun-Jul","Heubeck ed 1989 pdf page 34","1988","Lesser sand-eel","Ammodytes marinus",NA,NA,0.36,"by weight","size=average size"
"Black-legged kittiwake Europe","Europe","Isle of May",NA,"Black-legged kittiwake","Rissa tridactyla",NA,NA,"Jun","Rindorf et al 2000 Figure 6","1986","Lesser sand-eel","Ammodytes marinus",NA,"0+",0.9875,"by weight","ff_eaten_yr = % sandeels age 1+.  If >50%, age=1"
"Black-legged kittiwake Europe","Europe","Isle of May",NA,"Black-legged kittiwake","Rissa tridactyla",NA,NA,"Jun","Rindorf et al 2000 Figure 6","1987","Lesser sand-eel","Ammodytes marinus",NA,"0+",0.9563,"by weight","ff_eaten_yr = % sandeels age 1+.  If >50%, age=1"
"Black-legged kittiwake Europe","Europe","Isle of May",NA,"Black-legged kittiwake","Rissa tridactyla",NA,NA,"Jun","Rindorf et al 2000 Figure 6","1988","Lesser sand-eel","Ammodytes marinus",NA,"1+",0.9469,"by weight","ff_eaten_yr = % sandeels age 1+.  If >50%, age=1"
"Black-legged kittiwake Europe","Europe","Isle of May",NA,"Black-legged kittiwake","Rissa tridactyla",NA,NA,"Jun","Rindorf et al 2000 Figure 6","1989","Lesser sand-eel","Ammodytes marinus",NA,"1+",0.9438,"by weight","ff_eaten_yr = % sandeels age 1+.  If >50%, age=1"
"Black-legged kittiwake Europe","Europe","Isle of May",NA,"Black-legged kittiwake","Rissa tridactyla",NA,NA,"Jun","Rindorf et al 2000 Figure 6","1990","Lesser sand-eel","Ammodytes marinus",NA,"0+",0.7813,"by weight","ff_eaten_yr = % sandeels age 1+.  If >50%, age=1"
"Black-legged kittiwake Europe","Europe","Isle of May",NA,"Black-legged kittiwake","Rissa tridactyla",NA,NA,"Jun","Rindorf et al 2000 Figure 6","1991","Lesser sand-eel","Ammodytes marinus",NA,"1+",0.4938,"by weight","ff_eaten_yr = % sandeels age 1+.  If >50%, age=1"
"Black-legged kittiwake Europe","Europe","Isle of May",NA,"Black-legged kittiwake","Rissa tridactyla",NA,NA,"Jun","Rindorf et al 2000 Figure 6","1992","Lesser sand-eel","Ammodytes marinus",NA,"0+",0.7031,"by weight","ff_eaten_yr = % sandeels age 1+.  If >50%, age=1"
"Black-legged kittiwake Europe","Europe","Isle of May",NA,"Black-legged kittiwake","Rissa tridactyla",NA,NA,"Jun","Rindorf et al 2000 Figure 6","1993","Lesser sand-eel","Ammodytes marinus",NA,"1+",0.6594,"by weight","ff_eaten_yr = % sandeels age 1+.  If >50%, age=1"
"Black-legged kittiwake Europe","Europe","Isle of May",NA,"Black-legged kittiwake","Rissa tridactyla",NA,NA,"Jun","Rindorf et al 2000 Figure 6","1994","Lesser sand-eel","Ammodytes marinus",NA,"0+",0.7344,"by weight","ff_eaten_yr = % sandeels age 1+.  If >50%, age=1"
"Black-legged kittiwake Europe","Europe","Isle of May",NA,"Black-legged kittiwake","Rissa tridactyla",NA,NA,"Jun","Rindorf et al 2000 Figure 6","1995","Lesser sand-eel","Ammodytes marinus",NA,"0+",0.9219,"by weight","ff_eaten_yr = % sandeels age 1+.  If >50%, age=1"
"Black-legged kittiwake Europe","Europe","Isle of May",NA,"Black-legged kittiwake","Rissa tridactyla",NA,NA,"Jun","Rindorf et al 2000 Figure 6","1996","Lesser sand-eel","Ammodytes marinus",NA,"0+",0.8188,"by weight","ff_eaten_yr = % sandeels age 1+.  If >50%, age=1"
"Black-legged kittiwake Europe","Europe","Isle of May",NA,"Black-legged kittiwake","Rissa tridactyla",NA,NA,"Jun","Rindorf et al 2000 Figure 6","1997","Lesser sand-eel","Ammodytes marinus",NA,"0+",0.8969,"by weight","ff_eaten_yr = % sandeels age 1+.  If >50%, age=1"
"Black-legged kittiwake Europe","Europe","Isle of May",NA,"Black-legged kittiwake","Rissa tridactyla",NA,NA,"Jun","Rindorf et al 2000 Figure 6","1998","Lesser sand-eel","Ammodytes marinus",NA,"0+",0.7969,"by weight","ff_eaten_yr = % sandeels age 1+.  If >50%, age=1"
"Common guillemot Europe","Europe","Isle of May",NA,"Common guillemot","Uria aalge",NA,NA,"Jun","Rindorf et al 2000 Figure 6","1986","Lesser sand-eel","Ammodytes marinus",NA,"1+",0.8784,"by weight","ff_eaten_yr = % sandeels age 1+.  If >50%, age=1"
"Common guillemot Europe","Europe","Isle of May",NA,"Common guillemot","Uria aalge",NA,NA,"Jun","Rindorf et al 2000 Figure 6","1987","Lesser sand-eel","Ammodytes marinus",NA,"1+",0.8207,"by weight","ff_eaten_yr = % sandeels age 1+.  If >50%, age=1"
"Common guillemot Europe","Europe","Isle of May",NA,"Common guillemot","Uria aalge",NA,NA,"Jun","Rindorf et al 2000 Figure 6","1988","Lesser sand-eel","Ammodytes marinus",NA,"1+",0.4681,"by weight","ff_eaten_yr = % sandeels age 1+.  If >50%, age=1"
"Common guillemot Europe","Europe","Isle of May",NA,"Common guillemot","Uria aalge",NA,NA,"Jun","Rindorf et al 2000 Figure 6","1989","Lesser sand-eel","Ammodytes marinus",NA,"1+",0.696,"by weight","ff_eaten_yr = % sandeels age 1+.  If >50%, age=1"
"Common guillemot Europe","Europe","Isle of May",NA,"Common guillemot","Uria aalge",NA,NA,"Jun","Rindorf et al 2000 Figure 6","1990","Lesser sand-eel","Ammodytes marinus",NA,"1+",0.31,"by weight","ff_eaten_yr = % sandeels age 1+.  If >50%, age=1"
"Common guillemot Europe","Europe","Isle of May",NA,"Common guillemot","Uria aalge",NA,NA,"Jun","Rindorf et al 2000 Figure 6","1991","Lesser sand-eel","Ammodytes marinus",NA,"1+",0.6565,"by weight","ff_eaten_yr = % sandeels age 1+.  If >50%, age=1"
"Common guillemot Europe","Europe","Isle of May",NA,"Common guillemot","Uria aalge",NA,NA,"Jun","Rindorf et al 2000 Figure 6","1992","Lesser sand-eel","Ammodytes marinus",NA,"1+",0.465,"by weight","ff_eaten_yr = % sandeels age 1+.  If >50%, age=1"
"Common guillemot Europe","Europe","Isle of May",NA,"Common guillemot","Uria aalge",NA,NA,"Jun","Rindorf et al 2000 Figure 6","1993","Lesser sand-eel","Ammodytes marinus",NA,"1+",0.1763,"by weight","ff_eaten_yr = % sandeels age 1+.  If >50%, age=1"
"Common guillemot Europe","Europe","Isle of May",NA,"Common guillemot","Uria aalge",NA,NA,"Jun","Rindorf et al 2000 Figure 6","1994","Lesser sand-eel","Ammodytes marinus",NA,"1+",0.1398,"by weight","ff_eaten_yr = % sandeels age 1+.  If >50%, age=1"
"Common guillemot Europe","Europe","Isle of May",NA,"Common guillemot","Uria aalge",NA,NA,"Jun","Rindorf et al 2000 Figure 6","1995","Lesser sand-eel","Ammodytes marinus",NA,"1+",0.7994,"by weight","ff_eaten_yr = % sandeels age 1+.  If >50%, age=1"
"Common guillemot Europe","Europe","Isle of May",NA,"Common guillemot","Uria aalge",NA,NA,"Jun","Rindorf et al 2000 Figure 6","1996","Lesser sand-eel","Ammodytes marinus",NA,"1+",0.4407,"by weight","ff_eaten_yr = % sandeels age 1+.  If >50%, age=1"
"Common guillemot Europe","Europe","Isle of May",NA,"Common guillemot","Uria aalge",NA,NA,"Jun","Rindorf et al 2000 Figure 6","1997","Lesser sand-eel","Ammodytes marinus",NA,"1+",0.7933,"by weight","ff_eaten_yr = % sandeels age 1+.  If >50%, age=1"
"Common guillemot Europe","Europe","Isle of May",NA,"Common guillemot","Uria aalge",NA,NA,"Jun","Rindorf et al 2000 Figure 6","1998","Lesser sand-eel","Ammodytes marinus",NA,"1+",0.2158,"by weight","ff_eaten_yr = % sandeels age 1+.  If >50%, age=1"
"European shag Europe","Europe","Isle of May",NA,"European shag","Phalacrocorax aristotelis",NA,NA,"Jun","Rindorf et al 2000 Figure 6","1986","Lesser sand-eel","Ammodytes marinus",NA,"1+",1,"by weight","ff_eaten_yr = % sandeels age 1+.  If >50%, age=1"
"European shag Europe","Europe","Isle of May",NA,"European shag","Phalacrocorax aristotelis",NA,NA,"Jun","Rindorf et al 2000 Figure 6","1987","Lesser sand-eel","Ammodytes marinus",NA,"1+",1,"by weight","ff_eaten_yr = % sandeels age 1+.  If >50%, age=1"
"European shag Europe","Europe","Isle of May",NA,"European shag","Phalacrocorax aristotelis",NA,NA,"Jun","Rindorf et al 2000 Figure 6","1988","Lesser sand-eel","Ammodytes marinus",NA,"1+",1,"by weight","ff_eaten_yr = % sandeels age 1+.  If >50%, age=1"
"European shag Europe","Europe","Isle of May",NA,"European shag","Phalacrocorax aristotelis",NA,NA,"Jun","Rindorf et al 2000 Figure 6","1989","Lesser sand-eel","Ammodytes marinus",NA,"0+",1,"by weight","ff_eaten_yr = % sandeels age 1+.  If >50%, age=1"
"European shag Europe","Europe","Isle of May",NA,"European shag","Phalacrocorax aristotelis",NA,NA,"Jun","Rindorf et al 2000 Figure 6","1990","Lesser sand-eel","Ammodytes marinus",NA,"0+",1,"by weight","ff_eaten_yr = % sandeels age 1+.  If >50%, age=1"
"European shag Europe","Europe","Isle of May",NA,"European shag","Phalacrocorax aristotelis",NA,NA,"Jun","Rindorf et al 2000 Figure 6","1991","Lesser sand-eel","Ammodytes marinus",NA,"0+",1,"by weight","ff_eaten_yr = % sandeels age 1+.  If >50%, age=1"
"European shag Europe","Europe","Isle of May",NA,"European shag","Phalacrocorax aristotelis",NA,NA,"Jun","Rindorf et al 2000 Figure 6","1992","Lesser sand-eel","Ammodytes marinus",NA,"1+",0.9618,"by weight","ff_eaten_yr = % sandeels age 1+.  If >50%, age=1"
"European shag Europe","Europe","Isle of May",NA,"European shag","Phalacrocorax aristotelis",NA,NA,"Jun","Rindorf et al 2000 Figure 6","1993","Lesser sand-eel","Ammodytes marinus",NA,"1+",0.9618,"by weight","ff_eaten_yr = % sandeels age 1+.  If >50%, age=1"
"European shag Europe","Europe","Isle of May",NA,"European shag","Phalacrocorax aristotelis",NA,NA,"Jun","Rindorf et al 2000 Figure 6","1994","Lesser sand-eel","Ammodytes marinus",NA,"0+",0.8472,"by weight","ff_eaten_yr = % sandeels age 1+.  If >50%, age=1"
"European shag Europe","Europe","Isle of May",NA,"European shag","Phalacrocorax aristotelis",NA,NA,"Jun","Rindorf et al 2000 Figure 6","1995","Lesser sand-eel","Ammodytes marinus",NA,"1+",0.8715,"by weight","ff_eaten_yr = % sandeels age 1+.  If >50%, age=1"
"European shag Europe","Europe","Isle of May",NA,"European shag","Phalacrocorax aristotelis",NA,NA,"Jun","Rindorf et al 2000 Figure 6","1996","Lesser sand-eel","Ammodytes marinus",NA,"1+",1,"by weight","ff_eaten_yr = % sandeels age 1+.  If >50%, age=1"
"European shag Europe","Europe","Isle of May",NA,"European shag","Phalacrocorax aristotelis",NA,NA,"Jun","Rindorf et al 2000 Figure 6","1997","Lesser sand-eel","Ammodytes marinus",NA,"1+",1,"by weight","ff_eaten_yr = % sandeels age 1+.  If >50%, age=1"
"European shag Europe","Europe","Isle of May",NA,"European shag","Phalacrocorax aristotelis",NA,NA,"Jun","Rindorf et al 2000 Figure 6","1998","Lesser sand-eel","Ammodytes marinus",NA,"1+",0.9688,"by weight","ff_eaten_yr = % sandeels age 1+.  If >50%, age=1"
"Common guillemot Europe","Europe","Isle of May",NA,"Common guillemot","Uria aalge",NA,NA,"Jun","Wanless et al 2005 Table 1; Table 2","2004","Lesser sand-eel","Ammodytes marinus","36-165",NA,0.01,"by weight","mean percent"
"Common guillemot Europe","Europe","Isle of May",NA,"Common guillemot","Uria aalge",NA,NA,"Jun","Wanless et al 2005 Table 1; Table 2","2004","European sprat","Sprattus sprattus","37-98",NA,0.979,"by number","mean percent"
"Common guillemot Europe","Europe","Isle of May",NA,"Common guillemot","Uria aalge",NA,NA,"Jun","Wanless et al 2005 Table 1","1981-2003","Lesser sand-eel","Ammodytes marinus",NA,NA,0.52,"by weight","95% CI=40-65"
"Common guillemot Europe","Europe","Isle of May",NA,"Common guillemot","Uria aalge",NA,NA,"Jun","Wanless et al 2005 Table 1","1981-2003","European sprat","Sprattus sprattus",NA,NA,0.394,"by number","95% CI=28-51"
"European shag Europe","Europe","Isle of May",NA,"European shag","Phalacrocorax aristotelis",NA,NA,"Jul","Wanless et al 1993b Figure 1","1991","Lesser sand-eel","Ammodytes marinus","85.5",NA,NA,NA,"weighted average, range 30-190"
"Pacific chub mackerel Humboldt","Humboldt","Peru","4¡-10¡ S","Pacific chub mackerel","Scomber japonicus","<30 cm","cm","Jul-Nov","Konchina 1982 pdf p8","1972","Peruvian anchoveta","Engraulis ringens","70",NA,NA,NA,"max size of anchoveta"
"Eastern Pacific bonito Humboldt","Humboldt","Peru","4¡-10¡ S","Eastern Pacific bonito","Sarda chiliensis",NA,NA,NA,"Vildoso 1955 in Pauly and Tsukayama 1987 pdf p 270",NA,"Peruvian anchoveta","Engraulis ringens",NA,NA,0.76,NA,"sent email to IMARPE biblioteca for ref"
"Eastern Pacific bonito Humboldt","Humboldt","Peru","4¡-10¡ S","Eastern Pacific bonito","Sarda chiliensis",NA,NA,NA,"Canal 1974 in Pauly and Tsukayama 1987 pdf p270","1967-1972","Peruvian anchoveta","Engraulis ringens","120-140",NA,0.81,NA,"sent email to IMARPE biblioteca for ref"
"Guanay cormorant Humboldt","Humboldt","Peru","6¡-14¡ S","Guanay cormorant","Phalacrocorax bougainvillii",NA,NA,"Mar-Oct","Jordan 1959 in Muck and Pauly in Pauly and Tsukayama 1987 pdf p230 Figure 1","1954-1958","Peruvian anchoveta","Engraulis ringens","122.95",NA,NA,NA,"weighted mean; no other prey items"
"Guanay cormorant Humboldt","Humboldt","Peru","6¡-14¡ S","Guanay cormorant","Phalacrocorax bougainvillii",NA,NA,NA,"Jordan 1967 and Avila 1954 in Muck and Pauly in Pauly and Tsukayama 1987 pdf p232 Table 1",NA,"Peruvian anchoveta","Engraulis ringens",NA,NA,0.96,NA,"no other prey items"
"Peruvian booby Humboldt","Humboldt","Peru","6¡-14¡ S","Peruvian booby","Sula variegata",NA,NA,NA,"Muck and Pauly in Pauly and Tsukayama 1987 pdf p230 Figure 2","1965-1978","Peruvian anchoveta","Engraulis ringens","121.38",NA,NA,NA,"weighted mean; no other prey items"
"Peruvian booby Humboldt","Humboldt","Peru","6¡-14¡ S","Peruvian booby","Sula variegata",NA,NA,NA,"Jordan 1967 in Muck and Pauly in Pauly and Tsukayama 1987 pdf p232 Table 1",NA,"Peruvian anchoveta","Engraulis ringens",NA,NA,0.8,NA,"no other prey items"
"Peruvian pelican Humboldt","Humboldt","Peru","6¡-14¡ S","Peruvian pelican","Pelecanus thagus",NA,NA,NA,"Jordan 1967 in Muck and Pauly in Pauly and Tsukayama 1987 pdf p232 Table 1",NA,"Peruvian anchoveta","Engraulis ringens",NA,NA,0.8,NA,"no other prey items"
"Pacific chub mackerel Humboldt","Humboldt","Peru","Paita","Pacific chub mackerel","Scomber japonicus",NA,NA,NA,"Muck and Sanchez in Pauly and Tsukayama 1987 pdf p290 Table 3","1979","Peruvian anchoveta","Engraulis ringens",NA,NA,0.008,"by weight",NA
"Pacific chub mackerel Humboldt","Humboldt","Peru","Chimbote","Pacific chub mackerel","Scomber japonicus",NA,NA,NA,"Muck and Sanchez in Pauly and Tsukayama 1987 pdf p290 Table 3","1979","Peruvian anchoveta","Engraulis ringens",NA,NA,0.378,"by weight",NA
"Pacific chub mackerel Humboldt","Humboldt","Peru","Callao","Pacific chub mackerel","Scomber japonicus",NA,NA,NA,"Muck and Sanchez in Pauly and Tsukayama 1987 pdf p290 Table 3","1979","Peruvian anchoveta","Engraulis ringens",NA,NA,0.486,"by weight",NA
"Pacific chub mackerel Humboldt","Humboldt","Peru","Ilo","Pacific chub mackerel","Scomber japonicus",NA,NA,NA,"Muck and Sanchez in Pauly and Tsukayama 1987 pdf p290 Table 3","1979","Peruvian anchoveta","Engraulis ringens",NA,NA,0.39,"by weight",NA
"Chilean jack mackerel Humboldt","Humboldt","Peru","Paita","Chilean jack mackerel","Trachurus murphyi",NA,NA,NA,"Muck and Sanchez in Pauly and Tsukayama 1987 pdf p290 Table 3","1979","Peruvian anchoveta","Engraulis ringens",NA,NA,0,"by weight",NA
"Chilean jack mackerel Humboldt","Humboldt","Peru","Callao","Chilean jack mackerel","Trachurus murphyi",NA,NA,NA,"Muck and Sanchez in Pauly and Tsukayama 1987 pdf p290 Table 3","1979","Peruvian anchoveta","Engraulis ringens",NA,NA,0.78,"by weight",NA
"Chilean jack mackerel Humboldt","Humboldt","Peru","Pisco","Chilean jack mackerel","Trachurus murphyi",NA,NA,NA,"Muck and Sanchez in Pauly and Tsukayama 1987 pdf p290 Table 3","1979","Peruvian anchoveta","Engraulis ringens",NA,NA,0.905,"by weight",NA
"Chilean jack mackerel Humboldt","Humboldt","Peru","Ilo","Chilean jack mackerel","Trachurus murphyi",NA,NA,NA,"Muck and Sanchez in Pauly and Tsukayama 1987 pdf p290 Table 3","1979","Peruvian anchoveta","Engraulis ringens",NA,NA,0.573,"by weight",NA
"Pacific chub mackerel Humboldt","Humboldt","Peru","Callao","Pacific chub mackerel","Scomber japonicus",NA,NA,NA,"Muck and Sanchez in Pauly and Tsukayama 1987 pdf p288 Figure 1","1979","Peruvian anchoveta","Engraulis ringens",NA,NA,0.57,"by weight",NA
"Pacific chub mackerel Humboldt","Humboldt","Peru","Callao","Pacific chub mackerel","Scomber japonicus",NA,NA,NA,"Muck and Sanchez in Pauly and Tsukayama 1987 pdf p288 Figure 1","1982","Peruvian anchoveta","Engraulis ringens",NA,NA,0,"by weight",NA
"Pacific chub mackerel Humboldt","Humboldt","Peru","Chimbote","Pacific chub mackerel","Scomber japonicus","28-64 cm","cm",NA,"Muck and Sanchez in Pauly and Tsukayama 1987 pdf p 287 (Table 1) and pdf p 288 (Figure 2)","1976","Peruvian anchoveta","Engraulis ringens","112.95",NA,0.164,"by weight","size is weighted mean by %"
"Guanay cormorant Humboldt","Humboldt","Peru","Grupo Pescadores","Guanay cormorant","Phalacrocorax bougainvillii",NA,NA,NA,"Boyd 2012 pdf p 188 Table A.5.1","2008","Peruvian anchoveta","Engraulis ringens",NA,NA,0.96,NA,"no other prey items"
"Peruvian booby Humboldt","Humboldt","Peru","Grupo Pescadores","Peruvian booby","Sula variegata",NA,NA,NA,"Boyd 2012 pdf p 188 Table A.5.1","2008","Peruvian anchoveta","Engraulis ringens",NA,NA,0.8,NA,"no other prey items"
"Pacific chub mackerel Humboldt","Humboldt","Peru",NA,"Pacific chub mackerel","Scomber japonicus",NA,NA,NA,"Muck and Sanchez in Pauly and Tsukayama 1987 pdf p287 Table 1","1978","Peruvian anchoveta","Engraulis ringens",NA,NA,0.101,"by weight",NA
"Pacific chub mackerel Humboldt","Humboldt","Peru",NA,"Pacific chub mackerel","Scomber japonicus",NA,NA,NA,"Muck and Sanchez in Pauly and Tsukayama 1987 pdf p287 Table 1","1979","Peruvian anchoveta","Engraulis ringens",NA,NA,0.077,"by weight",NA
"Pacific chub mackerel Humboldt","Humboldt","Peru",NA,"Pacific chub mackerel","Scomber japonicus",NA,NA,NA,"Muck and Sanchez in Pauly and Tsukayama 1987 pdf p287 Table 1","1980","Peruvian anchoveta","Engraulis ringens",NA,NA,0.089,"by weight",NA
"Pacific chub mackerel Humboldt","Humboldt","Peru",NA,"Pacific chub mackerel","Scomber japonicus",NA,NA,NA,"Muck and Sanchez in Pauly and Tsukayama 1987 pdf p287 Table 1","1981","Peruvian anchoveta","Engraulis ringens",NA,NA,0.042,"by weight",NA
"Pacific chub mackerel Humboldt","Humboldt","Peru",NA,"Pacific chub mackerel","Scomber japonicus",NA,NA,NA,"Muck and Sanchez in Pauly and Tsukayama 1987 pdf p287 Table 1","1982","Peruvian anchoveta","Engraulis ringens",NA,NA,0.003,"by weight",NA
"Eastern Pacific bonito Humboldt","Humboldt","Peru",NA,"Eastern Pacific bonito","Sarda chiliensis",NA,NA,"Jan-Aug","Pauly et al in Pauly and Tsukayama 1987 pdf p268 Figure 7","1976","Peruvian anchoveta","Engraulis ringens","110",NA,0.51415092,NA,"% is for each size value, mean did not reflect bimodial distribution"
"Eastern Pacific bonito Humboldt","Humboldt","Peru",NA,"Eastern Pacific bonito","Sarda chiliensis",NA,NA,"Jan-Aug","Pauly et al in Pauly and Tsukayama 1987 pdf p268 Figure 7","1976","Peruvian anchoveta","Engraulis ringens","130",NA,0.077044024,NA,"% is for each size value, mean did not reflect bimodial distribution"
"Eastern Pacific bonito Humboldt","Humboldt","Peru",NA,"Eastern Pacific bonito","Sarda chiliensis",NA,NA,"Jan-Aug","Pauly et al in Pauly and Tsukayama 1987 pdf p268 Figure 7","1976","Peruvian anchoveta","Engraulis ringens","150",NA,0.036163523,NA,"% is for each size value, mean did not reflect bimodial distribution"
"Eastern Pacific bonito Humboldt","Humboldt","Peru",NA,"Eastern Pacific bonito","Sarda chiliensis",NA,NA,"Jan-Aug","Pauly et al in Pauly and Tsukayama 1987 pdf p268 Figure 7","1976","Peruvian anchoveta","Engraulis ringens","170",NA,0.35849056,NA,"% is for each size value, mean did not reflect bimodial distribution"
"Chilean jack mackerel Humboldt","Humboldt","Peru","Paita","Chilean jack mackerel","Trachurus murphyi",NA,NA,NA,"Muck and Sanchez in Pauly and Tsukayama 1987 pdf p290 Table 3 ","1979","Peruvian anchoveta","Engraulis ringens",NA,NA,0,"by weight",NA
"Pacific chub mackerel Humboldt","Humboldt","Peru","Paita","Pacific chub mackerel","Scomber japonicus",NA,NA,NA,"Muck and Sanchez in Pauly and Tsukayama 1987 pdf p290 Table 3 ","1979","Peruvian anchoveta","Engraulis ringens",NA,NA,0.008,"by weight",NA
"Chilean jack mackerel Humboldt","Humboldt","Peru",NA,"Chilean jack mackerel","Trachurus murphyi",">30 cm","cm",NA,"Pauly et al 1989 pg 394 Figure 5","1979","Peruvian anchoveta","Engraulis ringens",NA,NA,0.2807008,"by weight",NA
"Chilean jack mackerel Humboldt","Humboldt","Peru",NA,"Chilean jack mackerel","Trachurus murphyi",">30 cm","cm",NA,"Pauly et al 1989 pg 394 Figure 5","1980","Peruvian anchoveta","Engraulis ringens",NA,NA,0.13416256,"by weight",NA
"Chilean jack mackerel Humboldt","Humboldt","Peru",NA,"Chilean jack mackerel","Trachurus murphyi",">30 cm","cm",NA,"Pauly et al 1989 pg 394 Figure 5","1981","Peruvian anchoveta","Engraulis ringens",NA,NA,0.021435382,"by weight",NA
"Chilean jack mackerel Humboldt","Humboldt","Peru",NA,"Chilean jack mackerel","Trachurus murphyi",">30 cm","cm",NA,"Pauly et al 1989 pg 394 Figure 5","1982","Peruvian anchoveta","Engraulis ringens",NA,NA,0.07168742,"by weight",NA
"Chilean jack mackerel Humboldt","Humboldt","Peru",NA,"Chilean jack mackerel","Trachurus murphyi",">30 cm","cm",NA,"Pauly et al 1989 pg 394 Figure 5","1983","Peruvian anchoveta","Engraulis ringens",NA,NA,0.022920356,"by weight",NA
"Chilean jack mackerel Humboldt","Humboldt","Peru",NA,"Chilean jack mackerel","Trachurus murphyi",">30 cm","cm",NA,"Pauly et al 1989 pg 394 Figure 5","1984","Peruvian anchoveta","Engraulis ringens",NA,NA,0.041802673,"by weight",NA
"Chilean jack mackerel Humboldt","Humboldt","Peru",NA,"Chilean jack mackerel","Trachurus murphyi",">30 cm","cm",NA,"Pauly et al 1989 pg 394 Figure 5","1986","Peruvian anchoveta","Engraulis ringens",NA,NA,0.031203508,"by weight",NA
"Chilean jack mackerel Humboldt","Humboldt","Peru",NA,"Chilean jack mackerel","Trachurus murphyi",">30 cm","cm",NA,"Pauly et al 1989 pg 394 Figure 5","1987","Peruvian anchoveta","Engraulis ringens",NA,NA,0.11045203,"by weight",NA
"Pacific chub mackerel Humboldt","Humboldt","Peru",NA,"Pacific chub mackerel","Scomber japonicus",">30 cm","cm",NA,"Pauly et al 1989 pg 394 Figure 5","1976","Peruvian anchoveta","Engraulis ringens",NA,NA,0.7916506,"by weight",NA
"Pacific chub mackerel Humboldt","Humboldt","Peru",NA,"Pacific chub mackerel","Scomber japonicus",">30 cm","cm",NA,"Pauly et al 1989 pg 394 Figure 5","1978","Peruvian anchoveta","Engraulis ringens",NA,NA,0.44143227,"by weight",NA
"Pacific chub mackerel Humboldt","Humboldt","Peru",NA,"Pacific chub mackerel","Scomber japonicus",">30 cm","cm",NA,"Pauly et al 1989 pg 394 Figure 5","1979","Peruvian anchoveta","Engraulis ringens",NA,NA,0.40210194,"by weight",NA
"Pacific chub mackerel Humboldt","Humboldt","Peru",NA,"Pacific chub mackerel","Scomber japonicus",">30 cm","cm",NA,"Pauly et al 1989 pg 394 Figure 5","1980","Peruvian anchoveta","Engraulis ringens",NA,NA,0.22299927,"by weight",NA
"Pacific chub mackerel Humboldt","Humboldt","Peru",NA,"Pacific chub mackerel","Scomber japonicus",">30 cm","cm",NA,"Pauly et al 1989 pg 394 Figure 5","1981","Peruvian anchoveta","Engraulis ringens",NA,NA,0.13386957,"by weight",NA
"Pacific chub mackerel Humboldt","Humboldt","Peru",NA,"Pacific chub mackerel","Scomber japonicus",">30 cm","cm",NA,"Pauly et al 1989 pg 394 Figure 5","1982","Peruvian anchoveta","Engraulis ringens",NA,NA,0.02222674,"by weight",NA
"Pacific chub mackerel Humboldt","Humboldt","Peru",NA,"Pacific chub mackerel","Scomber japonicus",">30 cm","cm",NA,"Pauly et al 1989 pg 394 Figure 5","1983","Peruvian anchoveta","Engraulis ringens",NA,NA,0.11315432,"by weight",NA
"Pacific chub mackerel Humboldt","Humboldt","Peru",NA,"Pacific chub mackerel","Scomber japonicus",">30 cm","cm",NA,"Pauly et al 1989 pg 394 Figure 5","1984","Peruvian anchoveta","Engraulis ringens",NA,NA,0.0047094595,"by weight",NA
"Pacific chub mackerel Humboldt","Humboldt","Peru",NA,"Pacific chub mackerel","Scomber japonicus",">30 cm","cm",NA,"Pauly et al 1989 pg 394 Figure 5","1986","Peruvian anchoveta","Engraulis ringens",NA,NA,0.3439974,"by weight",NA
"Pacific chub mackerel Humboldt","Humboldt","Peru",NA,"Pacific chub mackerel","Scomber japonicus",">30 cm","cm",NA,"Pauly et al 1989 pg 394 Figure 5","1987","Peruvian anchoveta","Engraulis ringens",NA,NA,0.05237683,"by weight",NA
"Peruvian booby Humboldt","Humboldt","Peru",NA,"Peruvian booby","Sula variegata",NA,NA,NA,"Jahncke and Goya 1997 in Goya 2000 Tabla 2","1995","Peruvian anchoveta","Engraulis ringens",NA,NA,0.7878,NA,"have diet data for other spp for these years"
"Peruvian booby Humboldt","Humboldt","Peru",NA,"Peruvian booby","Sula variegata",NA,NA,NA,"Jahncke and Goya 1997 in Goya 2000 Tabla 2","1996","Peruvian anchoveta","Engraulis ringens",NA,NA,0.8233,NA,"have diet data for other spp for these years"
"Peruvian booby Humboldt","Humboldt","Peru",NA,"Peruvian booby","Sula variegata",NA,NA,NA,"Jahncke and Goya 1997 in Goya 2000 Tabla 2","1997","Peruvian anchoveta","Engraulis ringens",NA,NA,0.8464,NA,"have diet data for other spp for these years"
"Peruvian booby Humboldt","Humboldt","Peru",NA,"Peruvian booby","Sula variegata",NA,NA,NA,"Jahncke and Goya 1997 in Goya 2000 Tabla 2","1998","Peruvian anchoveta","Engraulis ringens",NA,NA,0.5837,NA,"have diet data for other spp for these years"
"Peruvian booby Humboldt","Humboldt","Peru",NA,"Peruvian booby","Sula variegata",NA,NA,NA,"Jahncke and Goya 1997 in Goya 2000 Tabla 2","1999","Peruvian anchoveta","Engraulis ringens",NA,NA,0.9285,NA,"have diet data for other spp for these years"
"Guanay cormorant Humboldt","Humboldt","Peru",NA,"Guanay cormorant","Phalacrocorax bougainvillii",NA,NA,NA,"Jahncke and Goya 1997 in Goya 2000 Tabla 1","1995","Peruvian anchoveta","Engraulis ringens",NA,NA,0.5639,NA,"have diet data for other spp for these years"
"Guanay cormorant Humboldt","Humboldt","Peru",NA,"Guanay cormorant","Phalacrocorax bougainvillii",NA,NA,NA,"Jahncke and Goya 1997 in Goya 2000 Tabla 1","1996","Peruvian anchoveta","Engraulis ringens",NA,NA,0.493,NA,"have diet data for other spp for these years"
"Guanay cormorant Humboldt","Humboldt","Peru",NA,"Guanay cormorant","Phalacrocorax bougainvillii",NA,NA,NA,"Jahncke and Goya 1997 in Goya 2000 Tabla 1","1997","Peruvian anchoveta","Engraulis ringens",NA,NA,0.5396,NA,"have diet data for other spp for these years"
"Guanay cormorant Humboldt","Humboldt","Peru",NA,"Guanay cormorant","Phalacrocorax bougainvillii",NA,NA,NA,"Jahncke and Goya 1997 in Goya 2000 Tabla 1","1998","Peruvian anchoveta","Engraulis ringens",NA,NA,0.5453,NA,"have diet data for other spp for these years"
"Guanay cormorant Humboldt","Humboldt","Peru",NA,"Guanay cormorant","Phalacrocorax bougainvillii",NA,NA,NA,"Jahncke and Goya 1997 in Goya 2000 Tabla 1","1999","Peruvian anchoveta","Engraulis ringens",NA,NA,0.809,NA,"have diet data for other spp for these years"
"Chilean jack mackerel Humboldt","Humboldt","Peru","Pisco","Chilean jack mackerel","Trachurus murphyi",NA,NA,NA,"Muck and Sanchez in Pauly and Tsukayama 1987 pdf p290 Table 3 ","1979","Peruvian anchoveta","Engraulis ringens",NA,NA,0.905,"by weight",NA
"Pacific chub mackerel Humboldt","Humboldt","Peru","Pisco","Pacific chub mackerel","Scomber japonicus",NA,NA,NA,"Muck and Sanchez in Pauly and Tsukayama 1987 pdf p288 Figure 1","1979","Peruvian anchoveta","Engraulis ringens",NA,NA,0.75,"by weight",NA
"Pacific chub mackerel Humboldt","Humboldt","Peru","Pisco","Pacific chub mackerel","Scomber japonicus",NA,NA,NA,"Muck and Sanchez in Pauly and Tsukayama 1987 pdf p288 Figure 1","1982","Peruvian anchoveta","Engraulis ringens",NA,NA,0.2,"by weight",NA
"Guanay cormorant Humboldt","Humboldt","Peru","Punta San Juan","Guanay cormorant","Phalacrocorax bougainvillii","chick","age class","Jan-Feb","Zavalaga and Paredes 1999 Table 1","1995","Peruvian anchoveta","Engraulis ringens","12.6±0.3",NA,0.65,"by number","have diet data for other spp for these years"
"Guanay cormorant Humboldt","Humboldt","Peru","Punta San Juan","Guanay cormorant","Phalacrocorax bougainvillii","chick","age class","Jan-Feb","Zavalaga and Paredes 1999 Table 1","1996","Peruvian anchoveta","Engraulis ringens","12.6±0.3",NA,0.02,"by number","have diet data for other spp for these years"
"European hake Europe","Europe",NA,NA,"European hake","Merluccius merluccius",NA,NA,NA,"Mackinson and Daskalov 2007 Table 3.4",NA,"Blue whiting","Micromesistius poutassou",NA,NA,0.309,"by ecosystem model",NA
"Horse mackerel Europe","Europe",NA,NA,"Horse mackerel","Trachurus trachurus",NA,NA,NA,"Mackinson and Daskalov 2007 Table 3.4",NA,"Norway pout","Trisopterus esmarkii",NA,NA,0.229,"by ecosystem model",NA
"Large crabs Europe","Europe",NA,NA,"Large crabs","Majidae spp.",NA,NA,NA,"Mackinson and Daskalov 2007 Table 3.4",NA,"Norway pout","Trisopterus esmarkii",NA,NA,0.24,"by ecosystem model",NA
"Megrim Europe","Europe",NA,NA,"Megrim","Lepidorhombus whiffiagonis",NA,NA,NA,"Mackinson and Daskalov 2007 Table 3.4",NA,"European sprat","Sprattus sprattus",NA,NA,0.338,"by ecosystem model",NA
"Megrim Europe","Europe",NA,NA,"Megrim","Lepidorhombus whiffiagonis",NA,NA,NA,"Mackinson and Daskalov 2007 Table 3.4",NA,"Norway pout","Trisopterus esmarkii",NA,NA,0.24,"by ecosystem model",NA
"Pollock Europe","Europe",NA,NA,"Pollock","Pollachius virens","juvenile","age class",NA,"Mackinson and Daskalov 2007 Table 3.4",NA,"Norway pout","Trisopterus esmarkii",NA,NA,0.237,"by ecosystem model",NA
"Pollock Europe","Europe",NA,NA,"Pollock","Pollachius virens","adult","age class",NA,"Mackinson and Daskalov 2007 Table 3.4",NA,"Norway pout","Trisopterus esmarkii",NA,NA,0.322,"by ecosystem model",NA
"Common minke whale Europe","Europe",NA,NA,"Common minke whale","Balaenoptera acutorostrata",NA,NA,NA,"Olsen and Holst 2001","1999","Sandeel spp.","Ammodytidae spp.",NA,NA,0.867,"by weight",NA
"Grey gurnard Europe","Europe",NA,NA,"Grey gurnard","Eutrigla gurnardus",NA,NA,NA,"de Gee and Kikkert 1993 Table 10","1991","Sandeel spp.","Ammodytidae spp.",NA,NA,0.3462,"by weight","average over all size classes of predator"
"Arctic skua Europe","Europe",NA,"NE","Arctic skua","Stercorarius parasiticus",NA,NA,NA,"Furness and Tasker 2000 Table 2","2000","Lesser sand-eel","Ammodytes marinus",NA,NA,0.8,NA,"median across yr, study and colony (Tasker and Furness 1996, Furness and Tasker 1999, Wanless et al 1998)"
"Arctic tern Europe","Europe",NA,"NE","Arctic tern","Sterna paradisaea",NA,NA,NA,"Furness and Tasker 2000 Table 2","2000","Lesser sand-eel","Ammodytes marinus",NA,NA,0.6,NA,"median across yr, study and colony (Tasker and Furness 1996, Furness and Tasker 1999, Wanless et al 1998)"
"Atlantic puffin Europe","Europe",NA,"NE","Atlantic puffin","Fratercula arctica",NA,NA,NA,"Furness and Tasker 2000 Table 2","2000","Lesser sand-eel","Ammodytes marinus",NA,NA,0.6,NA,"median across yr, study and colony (Tasker and Furness 1996, Furness and Tasker 1999, Wanless et al 1998)"
"Razorbill Europe","Europe",NA,"NE","Razorbill","Alca torda",NA,NA,NA,"Furness and Tasker 2000 Table 2","2000","Lesser sand-eel","Ammodytes marinus",NA,NA,0.6,NA,"median across yr, study and colony (Tasker and Furness 1996, Furness and Tasker 1999, Wanless et al 1998)"
"Arctic tern Europe","Europe",NA,"S and SE","Arctic tern","Sterna paradisaea",NA,NA,NA,"Furness and Tasker 2000 Table 2","2000","Lesser sand-eel","Ammodytes marinus",NA,NA,0.6,NA,"median across yr, study and colony (Tasker and Furness 1996, Furness and Tasker 1999, Wanless et al 1998)"
"Atlantic puffin Europe","Europe",NA,"S and SE","Atlantic puffin","Fratercula arctica",NA,NA,NA,"Furness and Tasker 2000 Table 2","2000","Lesser sand-eel","Ammodytes marinus",NA,NA,0.6,NA,"median across yr, study and colony (Tasker and Furness 1996, Furness and Tasker 1999, Wanless et al 1998)"
"Razorbill Europe","Europe",NA,"S and SE","Razorbill","Alca torda",NA,NA,NA,"Furness and Tasker 2000 Table 2","2000","Lesser sand-eel","Ammodytes marinus",NA,NA,0.6,NA,"median across yr, study and colony (Tasker and Furness 1996, Furness and Tasker 1999, Wanless et al 1998)"
"Black-legged kittiwake Europe","Europe","England","North Shields and Marsden","Black-legged kittiwake","Rissa tridactyla","adult","age class","Feb-Apr","Coulston and Thomas 1985 Table 4","1968","Sandeel spp.","Ammodytidae spp.",NA,NA,0.13,"by weight",NA
"Black-legged kittiwake Europe","Europe","England","North Shields and Marsden","Black-legged kittiwake","Rissa tridactyla","chick","age class","Jun-Jul","Coulston and Thomas 1985 Table 4","1968","Sandeel spp.","Ammodytidae spp.",NA,NA,0.66,"by weight",NA
"Black-legged kittiwake Europe","Europe","England","North Shields and Marsden","Black-legged kittiwake","Rissa tridactyla","adult","age class","Feb-Apr","Coulston and Thomas 1985 Table 4","1969","Sandeel spp.","Ammodytidae spp.",NA,NA,0.13,"by weight",NA
"Black-legged kittiwake Europe","Europe","England","North Shields and Marsden","Black-legged kittiwake","Rissa tridactyla","chick","age class","Jun-Jul","Coulston and Thomas 1985 Table 4","1969","Sandeel spp.","Ammodytidae spp.",NA,NA,0.66,"by weight",NA
"Black-legged kittiwake Europe","Europe","England","North Shields and Marsden","Black-legged kittiwake","Rissa tridactyla","adult","age class","Feb-Apr","Coulston and Thomas 1985 Table 4","1970","Sandeel spp.","Ammodytidae spp.",NA,NA,0.13,"by weight",NA
"Black-legged kittiwake Europe","Europe","England","North Shields and Marsden","Black-legged kittiwake","Rissa tridactyla","chick","age class","Jun-Jul","Coulston and Thomas 1985 Table 4","1970","Sandeel spp.","Ammodytidae spp.",NA,NA,0.66,"by weight",NA
"Black-legged kittiwake Europe","Europe","England","North Shields and Marsden","Black-legged kittiwake","Rissa tridactyla","adult","age class","Feb-Apr","Coulston and Thomas 1985 Table 4","1971","Sandeel spp.","Ammodytidae spp.",NA,NA,0.13,"by weight",NA
"Black-legged kittiwake Europe","Europe","England","North Shields and Marsden","Black-legged kittiwake","Rissa tridactyla","chick","age class","Jun-Jul","Coulston and Thomas 1985 Table 4","1971","Sandeel spp.","Ammodytidae spp.",NA,NA,0.66,"by weight",NA
"Black-legged kittiwake Europe","Europe","England","North Shields and Marsden","Black-legged kittiwake","Rissa tridactyla","adult","age class","Feb-Apr","Coulston and Thomas 1985 Table 4","1972","Sandeel spp.","Ammodytidae spp.",NA,NA,0.13,"by weight",NA
"Black-legged kittiwake Europe","Europe","England","North Shields and Marsden","Black-legged kittiwake","Rissa tridactyla","chick","age class","Jun-Jul","Coulston and Thomas 1985 Table 4","1972","Sandeel spp.","Ammodytidae spp.",NA,NA,0.66,"by weight",NA
"Black-legged kittiwake Europe","Europe","England","North Shields and Marsden","Black-legged kittiwake","Rissa tridactyla","adult","age class","Feb-Apr","Coulston and Thomas 1985 Table 4","1973","Sandeel spp.","Ammodytidae spp.",NA,NA,0.13,"by weight",NA
"Black-legged kittiwake Europe","Europe","England","North Shields and Marsden","Black-legged kittiwake","Rissa tridactyla","chick","age class","Jun-Jul","Coulston and Thomas 1985 Table 4","1973","Sandeel spp.","Ammodytidae spp.",NA,NA,0.66,"by weight",NA
"Arctic tern Europe","Europe","Peterhead",NA,"Arctic tern","Sterna paradisaea",NA,NA,NA,"Furness and Tasker 2000 Table 2","2000","Lesser sand-eel","Ammodytes marinus",NA,NA,0.8,NA,"median across yr, study and colony (Tasker and Furness 1996, Furness and Tasker 1999, Wanless et al 1998)"
"Atlantic puffin Europe","Europe","Peterhead",NA,"Atlantic puffin","Fratercula arctica",NA,NA,NA,"Furness and Tasker 2000 Table 2","2000","Lesser sand-eel","Ammodytes marinus",NA,NA,0.8,NA,"median across yr, study and colony (Tasker and Furness 1996, Furness and Tasker 1999, Wanless et al 1998)"
"Razorbill Europe","Europe","Peterhead",NA,"Razorbill","Alca torda",NA,NA,NA,"Furness and Tasker 2000 Table 2","2000","Lesser sand-eel","Ammodytes marinus",NA,NA,0.8,NA,"median across yr, study and colony (Tasker and Furness 1996, Furness and Tasker 1999, Wanless et al 1998)"
"Arctic skua Europe","Europe","Shetland",NA,"Arctic skua","Stercorarius parasiticus",NA,NA,NA,"Furness and Tasker 2000 Table 2","2000","Lesser sand-eel","Ammodytes marinus",NA,NA,1,NA,"median across yr, study and colony (Tasker and Furness 1996, Furness and Tasker 1999, Wanless et al 1998)"
"Arctic tern Europe","Europe","Shetland",NA,"Arctic tern","Sterna paradisaea",NA,NA,NA,"Furness and Tasker 2000 Table 2","2000","Lesser sand-eel","Ammodytes marinus",NA,NA,1,NA,"median across yr, study and colony (Tasker and Furness 1996, Furness and Tasker 1999, Wanless et al 1998)"
"Atlantic puffin Europe","Europe","Shetland",NA,"Atlantic puffin","Fratercula arctica",NA,NA,NA,"Furness and Tasker 2000 Table 2","2000","Lesser sand-eel","Ammodytes marinus",NA,NA,0.9,NA,"median across yr, study and colony (Tasker and Furness 1996, Furness and Tasker 1999, Wanless et al 1998)"
"Razorbill Europe","Europe","Shetland",NA,"Razorbill","Alca torda",NA,NA,NA,"Furness and Tasker 2000 Table 2","2000","Lesser sand-eel","Ammodytes marinus",NA,NA,0.9,NA,"median across yr, study and colony (Tasker and Furness 1996, Furness and Tasker 1999, Wanless et al 1998)"
"Atlantic cod Europe","Europe","Norway",NA,"Atlantic cod","Gadus morhua",NA,NA,NA,"Blanchard et al 2002 Table 8","1990","Capelin","Mallotus villosus",NA,"2+",0.2071,NA,"year of high capelin abundance"
"Atlantic cod Europe","Europe","Norway",NA,"Atlantic cod","Gadus morhua",NA,NA,NA,"Blanchard et al 2002 Table 8","1990","Capelin","Mallotus villosus",NA,"1",0.2071,NA,"year of high capelin abundance"
"Atlantic cod Europe","Europe","Norway",NA,"Atlantic cod","Gadus morhua",NA,NA,NA,"Blanchard et al 2002 Table 8","1995","Capelin","Mallotus villosus",NA,"2+",0.072,NA,"year of low capelin abundance"
"Atlantic cod Europe","Europe","Norway",NA,"Atlantic cod","Gadus morhua",NA,NA,NA,"Blanchard et al 2002 Table 8","1995","Capelin","Mallotus villosus",NA,"1",0.072,NA,"year of low capelin abundance"
"Common minke whale Europe","Europe","Norway",NA,"Common minke whale","Balaenoptera acutorostrata",NA,NA,NA,"Blanchard et al 2002 Table 8","1990","Capelin","Mallotus villosus",NA,"2+",0.1487,NA,"year of high capelin abundance"
"Common minke whale Europe","Europe","Norway",NA,"Common minke whale","Balaenoptera acutorostrata",NA,NA,NA,"Blanchard et al 2002 Table 8","1990","Capelin","Mallotus villosus",NA,"1",0.0633,NA,"year of high capelin abundance"
"Common minke whale Europe","Europe","Norway",NA,"Common minke whale","Balaenoptera acutorostrata",NA,NA,NA,"Blanchard et al 2002 Table 8","1990","Atlantic herring","Clupea harengus",NA,"1-3",0.399,NA,"year of high capelin abundance"
"Common minke whale Europe","Europe","Norway",NA,"Common minke whale","Balaenoptera acutorostrata",NA,NA,NA,"Blanchard et al 2002 Table 8","1995","Capelin","Mallotus villosus",NA,"2+",0.047,NA,"year of low capelin abundance"
"Common minke whale Europe","Europe","Norway",NA,"Common minke whale","Balaenoptera acutorostrata",NA,NA,NA,"Blanchard et al 2002 Table 8","1995","Capelin","Mallotus villosus",NA,"1",0.02,NA,"year of low capelin abundance"
"Common minke whale Europe","Europe","Norway",NA,"Common minke whale","Balaenoptera acutorostrata",NA,NA,NA,"Blanchard et al 2002 Table 8","1995","Atlantic herring","Clupea harengus",NA,"1-3",0.384,NA,"year of low capelin abundance"
"Harp seal Europe","Europe","Norway",NA,"Harp seal","Pagophilus groenlandicus",NA,NA,NA,"Blanchard et al 2002 Table 8","1990","Capelin","Mallotus villosus",NA,"2+",0.33,NA,"year of high capelin abundance"
"Harp seal Europe","Europe","Norway",NA,"Harp seal","Pagophilus groenlandicus",NA,NA,NA,"Blanchard et al 2002 Table 8","1990","Atlantic herring","Clupea harengus",NA,"1-3",0.1017,NA,"year of high capelin abundance"
"Harp seal Europe","Europe","Norway",NA,"Harp seal","Pagophilus groenlandicus",NA,NA,NA,"Blanchard et al 2002 Table 8","1995","Capelin","Mallotus villosus",NA,"2+",0.01,NA,"year of low capelin abundance"
"Harp seal Europe","Europe","Norway",NA,"Harp seal","Pagophilus groenlandicus",NA,NA,NA,"Blanchard et al 2002 Table 8","1995","Atlantic herring","Clupea harengus",NA,"4+",0.1,NA,"year of low capelin abundance"
"Harp seal Europe","Europe","Norway",NA,"Harp seal","Pagophilus groenlandicus",NA,NA,NA,"Blanchard et al 2002 Table 8","1995","Atlantic herring","Clupea harengus",NA,"1-3",0.073,NA,"year of low capelin abundance"
"Atlantic puffin Europe","Europe","Hernyken",NA,"Atlantic puffin","Fratercula arctica","chick","age class",NA,"Anker-Nilssen and Aarvak 2006 Tabell 3.2","1979-2003","Atlantic herring (spring spawning)","Clupea harengus (spring spawning)",NA,NA,0.412,"by weight",NA
"Atlantic puffin Europe","Europe","Hernyken",NA,"Atlantic puffin","Fratercula arctica","chick","age class",NA,"Anker-Nilssen and Aarvak 2006 Tabell 3.2","1979-2003","Sandeel spp.","Ammodytidae spp.",NA,NA,0.146,"by weight",NA
"Atlantic puffin Europe","Europe","Hernyken",NA,"Atlantic puffin","Fratercula arctica","chick","age class",NA,"Anker-Nilssen and Aarvak 2006 Tabell 3.2","1979-2003","Blue whiting","Micromesistius poutassou",NA,NA,0.055,"by weight",NA
"Atlantic puffin Europe","Europe","Hernyken",NA,"Atlantic puffin","Fratercula arctica",NA,NA,NA,"Anker-Nilssen and Aarvak 2006 Tabell 3.4","1988-2003","Atlantic herring (spring spawning)","Clupea harengus (spring spawning)","52.1",NA,NA,NA,"mean, and not specificed adult or chicks"
"Atlantic puffin Europe","Europe","Hernyken",NA,"Atlantic puffin","Fratercula arctica",NA,NA,NA,"Anker-Nilssen and Aarvak 2006 Tabell 3.4","1988-2003","Sandeel spp.","Ammodytidae spp.","80.4",NA,NA,NA,"mean, and not specificed adult or chicks"
"Atlantic puffin Europe","Europe","Hernyken",NA,"Atlantic puffin","Fratercula arctica",NA,NA,NA,"Anker-Nilssen and Aarvak 2006 Tabell 3.4","1988-2003","Whiting","Merlangius merlangus","84.1",NA,NA,NA,"mean, and not specificed adult or chicks"
"Atlantic puffin Europe","Europe","Hernyken",NA,"Atlantic puffin","Fratercula arctica","chick","age class",NA,"Anker-Nilssen and Aarvak 2006 Tabell 3.2 (%) and Tabell 3.4 (size)","2004","Atlantic herring (spring spawning)","Clupea harengus (spring spawning)","62.1",NA,0.705,"by weight","mean size, not specificed adult or chicks"
"Atlantic puffin Europe","Europe","Hernyken",NA,"Atlantic puffin","Fratercula arctica","chick","age class",NA,"Anker-Nilssen and Aarvak 2006 Tabell 3.2 (%) and Tabell 3.4 (size)","2004","Sandeel spp.","Ammodytidae spp.","92.4",NA,0.08,"by weight","mean size, not specificed adult or chicks"
"Atlantic puffin Europe","Europe","Hernyken",NA,"Atlantic puffin","Fratercula arctica","chick","age class",NA,"Anker-Nilssen and Aarvak 2006 Tabell 3.2 (%) and Tabell 3.4 (size)","2004","Blue whiting","Micromesistius poutassou","45.3",NA,0.006,"by weight","mean size, not specificed adult or chicks"
"Atlantic puffin Europe","Europe","Hernyken",NA,"Atlantic puffin","Fratercula arctica","chick","age class",NA,"Anker-Nilssen and Aarvak 2006 Tabell 3.2 (%) and Tabell 3.4 (size)","2005","Atlantic herring (spring spawning)","Clupea harengus (spring spawning)","34.8",NA,0.209,"by weight","mean size, not specificed adult or chicks"
"Atlantic puffin Europe","Europe","Hernyken",NA,"Atlantic puffin","Fratercula arctica","chick","age class",NA,"Anker-Nilssen and Aarvak 2006 Tabell 3.2 (%) and Tabell 3.4 (size)","2005","Sandeel spp.","Ammodytidae spp.","45",NA,0.001,"by weight","mean size, not specificed adult or chicks"
"Atlantic puffin Europe","Europe","Hernyken",NA,"Atlantic puffin","Fratercula arctica","chick","age class",NA,"Anker-Nilssen and Aarvak 2006 Tabell 3.2 (%) and Tabell 3.4 (size)","2005","Blue whiting","Micromesistius poutassou","62.2",NA,0.064,"by weight","mean size, not specificed adult or chicks"
"Common minke whale Europe","Europe","Norwegian Sea",NA,"Common minke whale","Balaenoptera acutorostrata",NA,NA,NA,"Olsen and Holst 2001","1999-2000","Atlantic herring (spring spawning)","Clupea harengus (spring spawning)",NA,NA,1,"by weight",NA
"Atlantic puffin Europe","Europe","Rost",NA,"Atlantic puffin","Fratercula arctica","chick","age class",NA,"Anker-Nilssen 2010 Figure 3","2009","Sandeel spp.","Ammodytidae spp.",NA,NA,0.0409,"by freq of occurence",NA
"Atlantic puffin Europe","Europe","Rost",NA,"Atlantic puffin","Fratercula arctica","chick","age class",NA,"Anker-Nilssen 2010 Figure 3","2009","Atlantic herring (spring spawning)","Clupea harengus (spring spawning)",NA,NA,0.6192,"by freq of occurence",NA
"Black-legged kittiwake Europe","Europe","Rost",NA,"Black-legged kittiwake","Rissa tridactyla","adult","age class",NA,"Anker-Nilssen 2010 Figure 3","2009","Atlantic herring (spring spawning)","Clupea harengus (spring spawning)",NA,NA,0.3422,"by weight",NA
"Common guillemot Europe","Europe","Rost",NA,"Common guillemot","Uria aalge","chick","age class",NA,"Anker-Nilssen 2010 Figure 3","2009","Sandeel spp.","Ammodytidae spp.",NA,NA,0.3621,"by freq of occurence",NA
"Common guillemot Europe","Europe","Rost",NA,"Common guillemot","Uria aalge","chick","age class",NA,"Anker-Nilssen 2010 Figure 3","2009","Atlantic herring","Clupea harengus",NA,NA,0.032,"by freq of occurence",NA
"European shag Europe","Europe","Rost",NA,"European shag","Phalacrocorax aristotelis","adult","age class",NA,"Anker-Nilssen 2010 Figure 3","2009","Sandeel spp.","Ammodytidae spp.",NA,NA,0.1305,"by weight",NA
"Razorbill Europe","Europe","Rost",NA,"Razorbill","Alca torda","chick","age class",NA,"Anker-Nilssen 2010 Figure 3","2009","Sandeel spp.","Ammodytidae spp.",NA,NA,0.5157,"by freq of occurence",NA
"Razorbill Europe","Europe","Rost",NA,"Razorbill","Alca torda","chick","age class",NA,"Anker-Nilssen 2010 Figure 3","2009","Atlantic herring (spring spawning)","Clupea harengus (spring spawning)",NA,NA,0.2006,"by freq of occurence",NA
"European shag Europe","Europe","Isle of May",NA,"European shag","Phalacrocorax aristotelis","chick","age class","breeding","Wanless et al 1993 pdf p 10","1987","Lesser sand-eel","Ammodytes marinus","129",NA,1,NA,"SD=5.7"
"European shag Europe","Europe","Isle of May",NA,"European shag","Phalacrocorax aristotelis","chick","age class","breeding","Wanless et al 1993 pdf p 10","1988","Lesser sand-eel","Ammodytes marinus","140",NA,1,NA,"SD=5.6"
"European shag Europe","Europe","Isle of May",NA,"European shag","Phalacrocorax aristotelis","chick","age class","breeding","Wanless et al 1993 pdf p 10","1989","Lesser sand-eel","Ammodytes marinus","84",NA,1,NA,"SD=8.3"
