"stocklong","stocklong_orig","stockid","ocean","region","area","type","species","comm_name","nyr","n_units","reference"
"Albacore tuna North Pacific Ocean","Albacore tuna North Pacific RAM NA","ALBANPAC","NE Pacific","US West Coast","North Pacific Ocean","fish","Thunnus alalunga","Albacore tuna",45,"ram","RAM"
"Albacore tuna Northern Atlantic","Albacore tuna North Atlantic RAM NA","ALBANATL","NW Atlantic","Atlantic Ocean","Northern Atlantic","fish","Thunnus alalunga","Albacore tuna",58,"ram","RAM"
"Arrowtooth flounder Pacific Coast","Arrowtooth flounder Pacific Coast RAM NA","ARFLOUNDPCOAST","NE Pacific","US West Coast","Pacific Coast","fish","Atheresthes stomias","Arrowtooth flounder",92,"ram","RAM"
"Atlantic bluefin tuna Western Atlantic","Bluefin tuna Western Atlantic RAM NA","ATBTUNAWATL","NW Atlantic","Atlantic Ocean","Western Atlantic","fish","Thunnus thynnus","Atlantic bluefin tuna",40,"ram","RAM"
"Atlantic cod Georges Bank","Atlantic cod Georges Bank RAM NA","CODGB","NW Atlantic","US East Coast","Georges Bank","fish","Gadus morhua","Atlantic cod",34,"ram","RAM"
"Atlantic croaker Mid-Atlantic Coast","Atlantic croaker Mid-Atlantic Coast RAM NA","ATLCROAKMATLC","NW Atlantic","US East Coast","Mid-Atlantic Coast","fish","Micropogonias undulatus","Atlantic croaker",30,"ram","RAM"
"Atlantic halibut Gulf of Maine / Georges Bank","Atlantic Halibut NAFO-5YZ RAM NA","ATHAL5YZ","NW Atlantic","US East Coast","Gulf of Maine / Georges Bank","fish","Hippoglossus hippoglossus","Atlantic halibut",208,"ram","RAM"
"Atlantic sharpnose shark Northwest Atlantic & GOM [abundance (pred.)]","Atlantic sharpnose shark Predicted abundance Northwest Atlantic Coast and GOM",NA,"NW Atlantic","NW Atlantic Coast & Gulf of Maine","Northwest Atlantic & GOM","fish","Rhizoprionodon terraenovae","Atlantic sharpnose shark",62,"abundance (pred.)","SEDAR 2013"
"Atlantic white-sided dolphin Central Virginia-Lower Bay of Fundy [abundance (est.)]","Atlantic white-sided dolphin Abundance Estimate Central Virginia to lower Bay of Fundy ",NA,"NW Atlantic","NW Atlantic","Central Virginia-Lower Bay of Fundy","mammals","Lagenorhynchus acutus","Atlantic white-sided dolphin",1,"abundance (est.)","NOAA 2015"
"Atlantic white-sided dolphin Georges Bank-Gulf of St. Lawrence [abundance (est.)]","Atlantic white-sided dolphin Abundance Estimate Georges Bank to mouth of Gulf of St Lawrence ",NA,"NW Atlantic","NW Atlantic","Georges Bank-Gulf of St. Lawrence","mammals","Lagenorhynchus acutus","Atlantic white-sided dolphin",1,"abundance (est.)","NOAA 2002"
"Atlantic white-sided dolphin NW Atlantic [abundance (est.)]","Atlantic white-sided dolphin Abundance Estimate ",NA,"NW Atlantic","NW Atlantic","NW Atlantic","mammals","Lagenorhynchus acutus","Atlantic white-sided dolphin",1,"abundance (est.)","NOAA 2010"
"Atlantic white-sided dolphin S. Gulf of Maine-Upper Bay of Fundy-Gulf of St. Lawrence [abundance (est.)]","Atlantic white-sided dolphin Abundance Estimate S Gulf of Maine to upper Bay of Fundy to Gulf of St Lawrence",NA,"NW Atlantic","NW Atlantic","S. Gulf of Maine-Upper Bay of Fundy-Gulf of St. Lawrence","mammals","Lagenorhynchus acutus","Atlantic white-sided dolphin",1,"abundance (est.)","NOAA 2011"
"Atlantic white-sided dolphin Virginia-Gulf of St. Lawrence [abundance (est.)]","Atlantic white-sided dolphin Abundance Estimate Virginia to Gulf of St Lawrence",NA,"NW Atlantic","NW Atlantic","Virginia-Gulf of St. Lawrence","mammals","Lagenorhynchus acutus","Atlantic white-sided dolphin",1,"abundance (est.)","NOAA 1997"
"Bigeye tuna Atlantic Ocean","Bigeye tuna Atlantic RAM NA","BIGEYEATL","NW Atlantic","Atlantic Ocean","Atlantic Ocean","fish","Thunnus obesus","Bigeye tuna",61,"ram","RAM"
"Black rockfish Northern Pacific Coast","Black rockfish Northern Pacific Coast RAM NA","BLACKROCKNPCOAST","NE Pacific","US West Coast","Northern Pacific Coast","fish","Sebastes melanops","Black rockfish",92,"ram","RAM"
"Black sea bass Mid-Atlantic Coast","Black sea bass Mid-Atlantic Coast RAM NA","BSBASSMATLC","NW Atlantic","US East Coast","Mid-Atlantic Coast","fish","Centropristis striata","Black sea bass",40,"ram","RAM"
"Black-legged kittiwake Pribilof Islands [abundance (est.)]","Black-legged kittiwake Estimated abundance Pribilof Islands",NA,"NE Pacific","Alaska","Pribilof Islands","birds","Rissa tridactyla","Black-legged kittiwake",4,"abundance (est.)","Jahncke et al. 2008"
"Black-vented shearwater Southern California [density (fall)]","Black-vented shearwater Density Autumn Southern CA ",NA,"NE Pacific","California","Southern California","birds","Puffinus opisthomelas","Black-vented shearwater",11,"density (fall)","Hyrenbach and Veit 2003"
"Black-vented shearwater Southern California [density (spring)]","Black-vented shearwater Density Spring Southern CA ",NA,"NE Pacific","California","Southern California","birds","Puffinus opisthomelas","Black-vented shearwater",12,"density (spring)","Hyrenbach and Veit 2003"
"Black-vented shearwater Southern California [density (summer)]","Black-vented shearwater Density Summer Southern CA ",NA,"NE Pacific","California","Southern California","birds","Puffinus opisthomelas","Black-vented shearwater",11,"density (summer)","Hyrenbach and Veit 2003"
"Black-vented shearwater Southern California [density (winter)]","Black-vented shearwater Density Winter Southern CA ",NA,"NE Pacific","California","Southern California","birds","Puffinus opisthomelas","Black-vented shearwater",11,"density (winter)","Hyrenbach and Veit 2003"
"Blacktip shark Atlantic","Blacktip shark Atlantic RAM NA","BTIPSHARATL","NW Atlantic","Atlantic Ocean","Atlantic","fish","Carcharhinus limbatus","Blacktip shark",0,"ram","RAM"
"Blacktip shark Gulf of Mexico","Blacktip shark Gulf of Mexico RAM NA","BTIPSHARGM","NW Atlantic","US Southeast and Gulf","Gulf of Mexico","fish","Carcharhinus limbatus","Blacktip shark",0,"ram","RAM"
"Blue marlin Pacific Ocean","Blue marlin Pacific Ocean RAM NA","BMARLINPAC","NE Pacific","Pacific Ocean","Pacific Ocean","fish","Makaira nigricans","Blue marlin",55,"ram","RAM"
"Blue shark Chesapeake Bay [cpue (standardized, females)]","Blue shark StandardizedCPUE_Females Chesapeake Bay",NA,"NW Atlantic","NW Atlantic","Chesapeake Bay","fish","Prionace glauca","Blue shark",10,"cpue (standardized, females)","Simpfendorfer et al. 2002"
"Blue shark Chesapeake Bay [cpue (standardized, males)]","Blue shark StandardizedCPUE_Males Chesapeake Bay",NA,"NW Atlantic","NW Atlantic","Chesapeake Bay","fish","Prionace glauca","Blue shark",17,"cpue (standardized, males)","Simpfendorfer et al. 2002"
"Bluefish Atlantic Coast","Bluefish Atlantic Coast RAM NA","BLUEFISHATLC","NW Atlantic","US East Coast","Atlantic Coast","fish","Pomatomus saltatrix","Bluefish",26,"ram","RAM"
"Brandt cormorant Gulf of Farallon Islands [nests (total)]","Brandt Cormoran Total Nests Gulf Farallonls",NA,"NE Pacific","California","Gulf of Farallon Islands","birds","Phalacrocorax penicillatus","Brandt cormorant",20,"nests (total)","Capitolo et al. 2014"
"Brandt cormorant South Farallon Island [breeding adults]","Brandt Cormoran Breeding Adults South Farallon Island",NA,"NE Pacific","California","South Farallon Island","birds","Phalacrocorax penicillatus","Brandt cormorant",42,"breeding adults","Elliot et al. 2015"
"Brown pelican Florida-Maryland & Gulf Coast-Alabama [nesting pairs]","Brown pelican Nesting pairs FromFlorida_TO_Maryland_andGulfCoast_to_Alabama",NA,"NW Atlantic","Atlantic Coast","Florida-Maryland & Gulf Coast-Alabama","birds","Pelecanus occidentalis","Brown pelican",19,"nesting pairs","esasuccess.org"
"Brown pelican Oregon [abundance (total)]","Brown Pelican Total Counts Oregon ",NA,"NE Pacific","Oregon","Oregon","birds","Pelecanus occidentalis","Brown pelican",22,"abundance (total)","Stinson 2014"
"Brown pelican South California Bight [nests (total)]","Brown Pelican Total Nests South California Bight",NA,"NE Pacific","California","South California Bight","birds","Pelecanus occidentalis","Brown pelican",34,"nests (total)","esasuccess.org"
"Brown pelican Washington [abundance (total)]","Brown Pelican Total Counts Washington ",NA,"NE Pacific","Washington","Washington","birds","Pelecanus occidentalis","Brown pelican",26,"abundance (total)","Stinson 2014"
"California gull Lake Mono [breeding adults]","California Gulls Breeding Adults Lake Mono",NA,"NE Pacific","California","Lake Mono","birds","Larus californicus","California gull",21,"breeding adults","Wrege et al. 2006"
"California sea lion Southern SCB [abundance (total)]","California Sea Lion Total Counts Southern SCB",NA,"NE Pacific","California","Southern SCB","mammals","Zalophus californianus","California sea lion",26,"abundance (total)","Lowry and Maravilla 2005"
"California sea lion Southern SCB [pups]","California Sea Lion Pups Southern SCB",NA,"NE Pacific","California","Southern SCB","mammals","Zalophus californianus","California sea lion",33,"pups","NOAA 2011"
"Common and bigeye thresher sharks Northwest Atlantic [cpue (standardized)]","Common and Bigeye Thresher shark StandarizedCPUE North West Atlantic ",NA,"NW Atlantic","NW Atlantic","Northwest Atlantic","fish","Alopias spp.","Common and bigeye thresher sharks",20,"cpue (standardized)","Cortes et al. 2007"
"Common guillemot Southeast Farallons Island [breeding adults]","Common Murre Breeding Adults South East Farallons Island",NA,"NE Pacific","California","Southeast Farallons Island","birds","Uria aalge","Common guillemot",17,"breeding adults","Lee et al. 2008"
"Common guillemot UU Colony, Farallons Island [population index]","Common Murre Population Index UUColony_Farallons Island",NA,"NE Pacific","California","UU Colony, Farallons Island","birds","Uria aalge","Common guillemot",17,"population index","Lee et al. 2008"
"Common thresher shark West Coast US [cpue]","Thresher Shark CPUE West Coast US",NA,"NE Pacific","US West Coast","West Coast US","fish","Alopias vulpinus","Common thresher shark",24,"cpue","NMFS unpublished"
"Cutthroat trout Nestucca River [abundance index]","Cutthroat trout Index of abundance Nestucca River",NA,"NE Pacific","Oregon","Nestucca River","fish","Oncorhynchus clarkii","Cutthroat trout",33,"abundance index","OR Native Fish Status Report Vol II"
"Cutthroat trout Wilson and Tasks Rivers [abundance index]","Cutthroat trout Index of abundance Wilson and Tasks Rivers",NA,"NE Pacific","Oregon","Wilson and Tasks Rivers","fish","Oncorhynchus clarkii","Cutthroat trout",36,"abundance index","OR Native Fish Status Report Vol II"
"Dall's porpoise CA/OR/WA [abundance (geometric mean)]","Dalls porpoise Geometric mean abundance CA_OR_WA",NA,"NE Pacific","CA/OR/WA","CA/OR/WA","mammals","Phocoenoides dalli","Dall's porpoise",2,"abundance (geometric mean)","NOAA 2008, NOAA 2010"
"Dall's porpoise CA/OR/WA [abundance (weighted mean)]","Dalls porpoise Weigthed average abundance CA_OR_WA",NA,"NE Pacific","CA/OR/WA","CA/OR/WA","mammals","Phocoenoides dalli","Dall's porpoise",2,"abundance (weighted mean)","NOAA 2000, NOAA 2003"
"Dolphinfish Gulf of Mexico [cpue (standardized)]","Dolphinfish StandarizedCPUE Gulf of Mexico",NA,"NE Pacific","Gulf of Mexico","Gulf of Mexico","fish","Coryphaena hippurus","Dolphinfish",19,"cpue (standardized)","Kleisner 2008"
"Dolphinfish Western Atlantic [cpue (standardized)]","Dolphinfish StandarizedCPUE Western Atlantic",NA,"NW Atlantic","Western Atlantic","Western Atlantic","fish","Coryphaena hippurus","Dolphinfish",12,"cpue (standardized)","Kleisner 2008"
"Dusky shark Northwest Atlantic & GOM [cpue (standardized, bllop)]","Dusky shark StandardizedCPUE_BLLOP North West Atlantic_and_GOM",NA,"NW Atlantic","NW Atlantic Coast & Gulf of Maine","Northwest Atlantic & GOM","fish","Carcharhinus obscurus","Dusky shark",13,"cpue (standardized, bllop)","Morgan 2008"
"Dusky shark Northwest Atlantic & GOM [cpue (standardized, lps)]","Dusky shark StandardizedCPUE_LPS North West Atlantic_and_GOM",NA,"NW Atlantic","NW Atlantic Coast & Gulf of Maine","Northwest Atlantic & GOM","fish","Carcharhinus obscurus","Dusky shark",21,"cpue (standardized, lps)","Morgan 2008"
"Dusky shark Northwest Atlantic & GOM [cpue (standardized, pllop)]","Dusky shark StandardizedCPUE_PLLOP North West Atlantic_and_GOM",NA,"NW Atlantic","NW Atlantic Coast & Gulf of Maine","Northwest Atlantic & GOM","fish","Carcharhinus obscurus","Dusky shark",15,"cpue (standardized, pllop)","Morgan 2008"
"Dusky shark Northwest Atlantic & GOM [cpue (standardized, vims)]","Dusky shark StandardizedCPUE_VIMS North West Atlantic_and_GOM",NA,"NW Atlantic","NW Atlantic Coast & Gulf of Maine","Northwest Atlantic & GOM","fish","Carcharhinus obscurus","Dusky shark",30,"cpue (standardized, vims)","Morgan 2008"
"Eastern Pacific bonito Southern California [cpue (tons/trip)]","Pacific bonito CPUE_tons_trip Southern CA ",NA,"NE Pacific","California","Southern California","fish","Sarda chiliensis","Eastern Pacific bonito",16,"cpue (tons/trip)","Mandy 2008"
"Elegant tern Isla Rasa [breeding pairs]","Elegant Tern Breeding Pairs Isla Rasa",NA,"NE Pacific","Gulf of California","Isla Rasa","birds","Thalasseus elegans","Elegant tern",35,"breeding pairs","Velarde et al. 2015"
"Elegant tern San Diego Bay [breeding pairs]","Elegant Tern Breeding Pairs San Diego Bay",NA,"NE Pacific","California","San Diego Bay","birds","Thalasseus elegans","Elegant tern",33,"breeding pairs","Schaffner 1986, Velarde et al. 2015"
"Fin whale Northwest Atlantic [abundance (est.)]","Fin whale Abundance Estimate North West Atlantic ",NA,"NW Atlantic","NW Atlantic","Northwest Atlantic","mammals","Balaenoptera physalus","Fin whale",6,"abundance (est.)","NOAA 1998, NOAA 2005, NOAA 2007, NOAA 2009, NOAA 2014, NOAA 2015"
"Finetooth shark Atlantic","Finetooth shark Atlantic RAM NA","FTOOTHSHARATL","NW Atlantic","Atlantic Ocean","Atlantic","fish","Carcharhinus isodon","Finetooth shark",0,"ram","RAM"
"Grey seal Non-Sable Islands [pup production]","Gray seal Pup production Non-Sable Is ",NA,"NW Atlantic","NW Atlantic","Non-Sable Islands","mammals","Halichoerus grypus","Grey seal",9,"pup production","Hemmil 2005"
"Grey seal Northwest Atlantic [abundance (est.)]","Gray seal Abundance Estimate North West Atlantic ",NA,"NW Atlantic","NW Atlantic","Northwest Atlantic","mammals","Halichoerus grypus","Grey seal",3,"abundance (est.)","NOAA 2011, NOAA 2012, NOAA 2015"
"Grey seal Sable Islands [pup production]","Gray seal Pup production Sable Is ",NA,"NW Atlantic","NW Atlantic","Sable Islands","mammals","Halichoerus grypus","Grey seal",29,"pup production","Bowen et al. 2003"
"Harbor porpoise Gulf of Maine-Bay of Fundy [abundance (est.)]","Harbor porpoise Abundance Estimate Gulf of Maine_bay of Fundy",NA,"NW Atlantic","Gulf of Maine","Gulf of Maine-Bay of Fundy","mammals","Phocoena phocoena","Harbor porpoise",3,"abundance (est.)","NOAA 2007, NOAA 2011, NOAA 2015"
"Harbor porpoise Gulf of Maine-Bay of Fundy [abundance (est.)].1","Harbor porpoise Abundance Estimate Gulf of Maine-Bay of Fundy",NA,"NW Atlantic","Gulf of Maine","Gulf of Maine-Bay of Fundy","mammals","Phocoena phocoena","Harbor porpoise",3,"abundance (est.)","NOAA 2007, NOAA 2011, NOAA 2015"
"Harbor porpoise Monterrey Bay [abundance (est.)]","Harbor porpoise Estimated abundance MonterreyBay",NA,"NE Pacific","California","Monterrey Bay","mammals","Phocoena phocoena","Harbor porpoise",4,"abundance (est.)","NOAA 2003, NOAA 2005, NOAA 2009, NOAA 2013"
"Humpback whale CA/OR [abundance (total est.)]","Hampback Whale Total Estimated Population California and Oregon",NA,"NE Pacific","CA/OR","CA/OR","mammals","Megaptera novaeangliae","Humpback whale",21,"abundance (total est.)","Calambokidis 2013"
"Humpback whale Washington [abundance (total est.)]","Hampback Whale Total Estimated Population WA",NA,"NE Pacific","Washington","Washington","mammals","Megaptera novaeangliae","Humpback whale",9,"abundance (total est.)","Calambokidis 2009"
"Lingcod Northern Pacific Coast","Lingcod Northern Pacific Coast RAM NA","LINGCODNPCOAST","NE Pacific","US West Coast","Northern Pacific Coast","fish","Ophiodon elongatus","Lingcod",82,"ram","RAM"
"Little skate Georges Bank [biomass (log-scale)]","Little skate LogBiomass George Bank",NA,"NW Atlantic","NW Atlantic","Georges Bank","fish","Leucoraja erinacea","Little skate",40,"biomass (log-scale)","Nye et al. 2010"
"Little skate Gulf of Maine [biomass (log-scale)]","Little skate LogBiomass Gulf of Maine",NA,"NW Atlantic","Gulf of Maine","Gulf of Maine","fish","Leucoraja erinacea","Little skate",37,"biomass (log-scale)","Nye et al. 2010"
"Long-beaked common dolphin CA/OR/WA [abundance (est.)]","Long-beaked common dolphin Estimated abundance CA_OR_WA",NA,"NE Pacific","CA/OR/WA","CA/OR/WA","mammals","Delphinus capensis","Long-beaked common dolphin",4,"abundance (est.)","NOAA 2008, NOAA 2010, NOAA 2012"
"Long-beaked common dolphin CA/OR/WA [abundance (weighted mean)]","Long-beaked common dolphin Weigthed average abundance CA_OR_WA",NA,"NE Pacific","CA/OR/WA","CA/OR/WA","mammals","Delphinus capensis","Long-beaked common dolphin",1,"abundance (weighted mean)","NOAA 2003"
"Night shark Northwest Atlantic [cpue (standardized)]","Night shark StandarizedCPUE North West Atlantic ",NA,"NW Atlantic","NW Atlantic","Northwest Atlantic","fish","Carcharhinus signatus","Night shark",14,"cpue (standardized)","Cortes et al. 2007"
"Northern fur seal Eastern Pacific [pups]","Northern fur seal Pups Eastern pacific",NA,"NE Pacific","Alaska","Eastern Pacific","mammals","Callorhinus ursinus","Northern fur seal",13,"pups","NOAA 2013"
"Northern fur seal San Miguel Islands [pups]","Northern fur seal Pups San Miguel Is",NA,"NE Pacific","California","San Miguel Islands","mammals","Callorhinus ursinus","Northern fur seal",38,"pups","NOAA 2013"
"Northern shortfin squid North Carolina-Scotian Shelf [abundance index (mean kg/tow)]","Shortfin squid Abundance Index_MeanKg_perTow North Carolina to Scotian Shelf ",NA,"NW Atlantic","Northwest Atlantic Coast","North Carolina-Scotian Shelf","fish","Illex illecebrosus","Northern shortfin squid",32,"abundance index (mean kg/tow)","NEFSC 2003 Shortfin Squid Report"
"Northern shortfin squid Scotian Shelf, Canada [abundance index (mean kg/tow)]","Shortfin squid Abundance Index_MeanKg_perTow Scotian Shelf_Canada",NA,"NW Atlantic","Northwest Atlantic Coast","Scotian Shelf, Canada","fish","Illex illecebrosus","Northern shortfin squid",31,"abundance index (mean kg/tow)","NEFSC 2003 Shortfin Squid Report"
"Offshore hake Northwest Atlantic Coast [abundance]","Offshore hake Abundance Northwest Atlantic Coast",NA,"NW Atlantic","Northwest Atlantic Coast","Northwest Atlantic Coast","fish","Merluccius albidus","Offshore hake",40,"abundance","Offshore Hake Assessment 2010"
"Offshore hake Northwest Atlantic Coast [recruitment index (# less than 30 cm / tow)]","Offshore hake Recruitment index_Nless30cm_per_tow Northwest Atlantic Coast",NA,"NW Atlantic","Northwest Atlantic Coast","Northwest Atlantic Coast","fish","Merluccius albidus","Offshore hake",43,"recruitment index (# less than 30 cm / tow)","Offshore Hake Assessment 2010"
"Osprey Connecticut [breeding pairs]","Osprey Breeding pairs Connecticut",NA,"NW Atlantic","Gulf of Maine","Connecticut","birds","Pandion haliaetus","Osprey",8,"breeding pairs","Bierregaard et al. 2014"
"Osprey Long Island [breeding pairs]","Osprey Breeding pairs Long Island",NA,"NW Atlantic","Gulf of Maine","Long Island","birds","Pandion haliaetus","Osprey",8,"breeding pairs","Bierregaard et al. 2014"
"Osprey Mainland Massachusetts [breeding pairs]","Osprey Breeding pairs Mainland Massachusetts",NA,"NW Atlantic","Gulf of Maine","Mainland Massachusetts","birds","Pandion haliaetus","Osprey",8,"breeding pairs","Bierregaard et al. 2014"
"Osprey Mobjack bay [breeding pairs]","Osprey Breeding pairs Mobjack bay",NA,"NW Atlantic","Chesapeake Bay","Mobjack bay","birds","Pandion haliaetus","Osprey",4,"breeding pairs","Watts and Paxton 2007"
"Osprey Potomac [breeding pairs]","Osprey Breeding pairs Potomac",NA,"NW Atlantic","Chesapeake Bay","Potomac","birds","Pandion haliaetus","Osprey",4,"breeding pairs","Watts and Paxton 2007"
"Osprey Rappahannock [breeding pairs]","Osprey Breeding pairs Rappahannock",NA,"NW Atlantic","Chesapeake Bay","Rappahannock","birds","Pandion haliaetus","Osprey",4,"breeding pairs","Watts and Paxton 2007"
"Osprey Rhode Island [breeding pairs]","Osprey Breeding pairs Rhode Island",NA,"NW Atlantic","Gulf of Maine","Rhode Island","birds","Pandion haliaetus","Osprey",8,"breeding pairs","Bierregaard et al. 2014"
"Osprey Wesport River [breeding pairs]","Osprey Breeding pairs Wesport River",NA,"NW Atlantic","Gulf of Maine","Wesport River","birds","Pandion haliaetus","Osprey",8,"breeding pairs","Bierregaard et al. 2014"
"Osprey York [breeding pairs]","Osprey Breeding pairs York",NA,"NW Atlantic","Chesapeake Bay","York","birds","Pandion haliaetus","Osprey",4,"breeding pairs","Watts and Paxton 2007"
"Pacific bluefin tuna Pacific Ocean [biomass (total)]","Bluefin tuna Total biomass Pacific stock",NA,"NE Pacific","Pacific Ocean","Pacific Ocean","fish","Thunnus orientalis","Pacific bluefin tuna",61,"biomass (total)","PBT Stock Assessment 2014"
"Pacific harbor seal California [abundance (total est.)]","Pacific Harbour Seal Total Estimated Population CA",NA,"NE Pacific","California","California","mammals","Phoca vitulina richardsi","Pacific harbor seal",15,"abundance (total est.)","NOAA 2013"
"Pacific harbor seal Coastal Estuaries [abundance (total est.)]","Pacific Harbour Seal Total Estimated Population Coastal Estuaries",NA,"NE Pacific","Washington","Coastal Estuaries","mammals","Phoca vitulina richardsi","Pacific harbor seal",22,"abundance (total est.)","Jeffries et al. 2003"
"Pacific harbor seal Eastern Bays [abundance (total est.)]","Pacific Harbour Seal Total Estimated Population Eastern Bays",NA,"NE Pacific","Washington","Eastern Bays","mammals","Phoca vitulina richardsi","Pacific harbor seal",17,"abundance (total est.)","Jeffries et al. 2003"
"Pacific harbor seal Hood Canal [abundance (total est.)]","Pacific Harbour Seal Total Estimated Population Hood Canal",NA,"NE Pacific","Washington","Hood Canal","mammals","Phoca vitulina richardsi","Pacific harbor seal",8,"abundance (total est.)","Jeffries et al. 2003"
"Pacific harbor seal Juan de la Fuca [abundance (total est.)]","Pacific Harbour Seal Total Estimated Population Juan de la Fuca",NA,"NE Pacific","Washington","Juan de la Fuca","mammals","Phoca vitulina richardsi","Pacific harbor seal",19,"abundance (total est.)","Jeffries et al. 2003"
"Pacific harbor seal Olympic Coast [abundance (total est.)]","Pacific Harbour Seal Total Estimated Population Olympic Coast",NA,"NE Pacific","Washington","Olympic Coast","mammals","Phoca vitulina richardsi","Pacific harbor seal",14,"abundance (total est.)","Jeffries et al. 2003"
"Pacific harbor seal Oregon [abundance (total est.)]","Pacific Harbour Seal Total Estimated Population OR",NA,"NE Pacific","Oregon","Oregon","mammals","Phoca vitulina richardsi","Pacific harbor seal",20,"abundance (total est.)","Brown et al. 2005"
"Pacific harbor seal Puget Sound [abundance (total est.)]","Pacific Harbour Seal Total Estimated Population Puget Sound",NA,"NE Pacific","Washington","Puget Sound","mammals","Phoca vitulina richardsi","Pacific harbor seal",10,"abundance (total est.)","Jeffries et al. 2003"
"Pacific harbor seal San Juan Islands [abundance (total est.)]","Pacific Harbour Seal Total Estimated Population San Juan Islands",NA,"NE Pacific","Washington","San Juan Islands","mammals","Phoca vitulina richardsi","Pacific harbor seal",18,"abundance (total est.)","Jeffries et al. 2003"
"Pacific saury Northwest Pacific","Pacific saury Northwest Pacific RAM NA","SAURNWPAC","NE Pacific","Russia Japan","Northwest Pacific","fish","Cololabis saira","Pacific saury",8,"ram","RAM"
"Pacific white-sided dolphin CA/OR/WA [abundance (geometric mean)]","Pacific white-sided dolphin Geometric mean abundance CA_OR_WA",NA,"NE Pacific","CA/OR/WA","CA/OR/WA","mammals","Lagenorhynchus obliquidens","Pacific white-sided dolphin",2,"abundance (geometric mean)","NOAA 2008, NOAA 2013"
"Pacific white-sided dolphin CA/OR/WA [abundance (weighted mean)]","Pacific white-sided dolphin Weigthed average abundance CA_OR_WA",NA,"NE Pacific","CA/OR/WA","CA/OR/WA","mammals","Lagenorhynchus obliquidens","Pacific white-sided dolphin",2,"abundance (weighted mean)","NOAA 2000, NOAA 2003"
"Pink-footed shearwater Southern California [density (fall)]","Pink-footed shearwater Density Autumn Southern CA ",NA,"NE Pacific","California","Southern California","birds","Puffinus creatopus","Pink-footed shearwater",11,"density (fall)","Hyrenbach and Veit 2003"
"Pink-footed shearwater Southern California [density (spring)]","Pink-footed shearwater Density Spring Southern CA ",NA,"NE Pacific","California","Southern California","birds","Puffinus creatopus","Pink-footed shearwater",12,"density (spring)","Hyrenbach and Veit 2003"
"Pink-footed shearwater Southern California [density (summer)]","Pink-footed shearwater Density Summer Southern CA ",NA,"NE Pacific","California","Southern California","birds","Puffinus creatopus","Pink-footed shearwater",11,"density (summer)","Hyrenbach and Veit 2003"
"Pink-footed shearwater Southern California [density (winter)]","Pink-footed shearwater Density Winter Southern CA ",NA,"NE Pacific","California","Southern California","birds","Puffinus creatopus","Pink-footed shearwater",11,"density (winter)","Hyrenbach and Veit 2003"
"Pollock Gulf of Maine / Georges Bank","Pollock NAFO-5YZ RAM NA","POLL5YZ","NW Atlantic","US East Coast","Gulf of Maine / Georges Bank","fish","Pollachius virens","Pollock",40,"ram","RAM"
"Pollock NAFO-4VWX5","Pollock NAFO-4VWX5 RAM NA",NA,"NW Atlantic","Canada East Coast","NAFO-4VWX5","fish","Pollachius virens","Pollock",35,"ram","RAM"
"Red drum Florida-South Carolina [abundance (ages 1-3)]","Red drum AbundanceAges1-3 FromFlorida_to_SouthCarolina",NA,"NW Atlantic","NW Atlantic","Florida-South Carolina","fish","Sciaenops ocellatus","Red drum",18,"abundance (ages 1-3)","Red Drum Stock Assessment Summary 2009"
"Red drum North of North Carolina [abundance (ages 1-3)]","Red drum AbundanceAges1-3 North of NorthCarolina",NA,"NW Atlantic","NW Atlantic","North of North Carolina","fish","Sciaenops ocellatus","Red drum",19,"abundance (ages 1-3)","Red Drum Stock Assessment Summary 2009"
"Red hake Gulf of Maine [biomass (log-scale)]","Red hake LogBiomass Gulf of Maine",NA,"NW Atlantic","Gulf of Maine","Gulf of Maine","fish","Urophycis chuss","Red hake",25,"biomass (log-scale)","Nye et al. 2010"
"Rhinoceros auklet Southern California [density (fall)]","Rhinoceros Auklet Density Autumn Southern CA ",NA,"NE Pacific","California","Southern California","birds","Cerorhinca monocerata","Rhinoceros auklet",11,"density (fall)","Hyrenbach and Veit 2003"
"Rhinoceros auklet Southern California [density (spring)]","Rhinoceros Auklet Density Spring Southern CA ",NA,"NE Pacific","California","Southern California","birds","Cerorhinca monocerata","Rhinoceros auklet",12,"density (spring)","Hyrenbach and Veit 2003"
"Rhinoceros auklet Southern California [density (summer)]","Rhinoceros Auklet Density Summer Southern CA ",NA,"NE Pacific","California","Southern California","birds","Cerorhinca monocerata","Rhinoceros auklet",11,"density (summer)","Hyrenbach and Veit 2003"
"Rhinoceros auklet Southern California [density (winter)]","Rhinoceros Auklet Density Winter Southern CA ",NA,"NE Pacific","California","Southern California","birds","Cerorhinca monocerata","Rhinoceros auklet",11,"density (winter)","Hyrenbach and Veit 2003"
"Sablefish Pacific Coast","Sablefish Pacific Coast RAM NA","SABLEFPCOAST","NE Pacific","US West Coast","Pacific Coast","fish","Anoplopoma fimbria","Sablefish",112,"ram","RAM"
"Sandbar shark Atlantic","Sandbar shark Atlantic RAM NA","SBARSHARATL","NW Atlantic","US Southeast and Gulf","Atlantic","fish","Carcharhinus plumbeus","Sandbar shark",0,"ram","RAM"
"Scup Northwestern Atlantic Coast","Scup Atlantic Coast RAM NA","SCUPNWATLC","NW Atlantic","US East Coast","Northwestern Atlantic Coast","fish","Stenotomus chrysops","Scup",24,"ram","RAM"
"Short-beaked common dolphin CA/OR/WA [abundance (geometric mean)]","Short-beaked common dolphin Geometric mean abundance CA_OR_WA",NA,"NE Pacific","CA/OR/WA","CA/OR/WA","mammals","Delphinus delphis","Short-beaked common dolphin",2,"abundance (geometric mean)","NOAA 2008, NOAA 2011"
"Short-beaked common dolphin CA/OR/WA [abundance (weighted mean)]","Short-beaked common dolphin Weigthed average abundance CA_OR_WA",NA,"NE Pacific","CA/OR/WA","CA/OR/WA","mammals","Delphinus delphis","Short-beaked common dolphin",2,"abundance (weighted mean)","NOAA 2000, NOAA 2003"
"Shortfin mako shark Northwest Atlantic [cpue (standardized)]","Shortfin mako shark StandarizedCPUE North West Atlantic ",NA,"NW Atlantic","NW Atlantic","Northwest Atlantic","fish","Isurus oxyrinchus","Shortfin mako shark",21,"cpue (standardized)","Cortes et al. 2007"
"Shortfin mako shark Scotian Shelf, Canada [cpue (standardized)]","Shortfin mako shark StandarizedCPUE Scotian Shelf_Canada",NA,"NW Atlantic","NW Atlantic","Scotian Shelf, Canada","fish","Isurus oxyrinchus","Shortfin mako shark",16,"cpue (standardized)","Campana et al. 2005"
"Shortspine thornyhead Pacific Coast","Shortspine thornyhead Pacific Coast RAM NA","SSTHORNHPCOAST","NE Pacific","US West Coast","Pacific Coast","fish","Sebastolobus alascanus","Shortspine thornyhead",105,"ram","RAM"
"Silky shark Northwest Atlantic [cpue (standardized)]","Silky shark StandarizedCPUE North West Atlantic ",NA,"NW Atlantic","NW Atlantic","Northwest Atlantic","fish","Carcharhinus falciformis","Silky shark",14,"cpue (standardized)","Cortes et al. 2007"
"Silver hake Gulf of Maine / Georges Bank","Silver hake Gulf of Maine / Northern Georges Bank RAM NA","SHAKEGOMNGB","NW Atlantic","US East Coast","Gulf of Maine / Georges Bank","fish","Merluccius bilinearis","Silver hake",0,"ram","RAM"
"Silver hake Southern Georges Bank / Mid-Atlantic","Silver hake Southern Georges Bank / Mid-Atlantic RAM NA","SHAKESGBMATL","NW Atlantic","US East Coast","Southern Georges Bank / Mid-Atlantic","fish","Merluccius bilinearis","Silver hake",0,"ram","RAM"
"Smooth dogfish Northwest Atlantic Coast [biomass (pred.)]","Smooth dogfish Predicted Biomass Northwest Atlantic Coast",NA,"NW Atlantic","Northwest Atlantic Coast","Northwest Atlantic Coast","fish","Mustelus canis","Smooth dogfish",32,"biomass (pred.)","SEDAR 2015"
"Sooty shearwater Southern California [density (fall)]","Sooty Shearwater Density Autumn Southern CA ",NA,"NE Pacific","California","Southern California","birds","Ardenna grisea","Sooty shearwater",11,"density (fall)","Hyrenbach and Veit 2003"
"Sooty shearwater Southern California [density (spring)]","Sooty Shearwater Density Spring Southern CA ",NA,"NE Pacific","California","Southern California","birds","Ardenna grisea","Sooty shearwater",12,"density (spring)","Hyrenbach and Veit 2003"
"Sooty shearwater Southern California [density (summer)]","Sooty Shearwater Density Summer Southern CA ",NA,"NE Pacific","California","Southern California","birds","Ardenna grisea","Sooty shearwater",11,"density (summer)","Hyrenbach and Veit 2003"
"Sooty shearwater Southern California [density (winter)]","Sooty Shearwater Density Winter Southern CA ",NA,"NE Pacific","California","Southern California","birds","Ardenna grisea","Sooty shearwater",11,"density (winter)","Hyrenbach and Veit 2003"
"Spinner shark Florida-Maryland & Gulf Coast-Louisiana [cpue (standardized)]","Spinner shark StandardizedCPUE FromFlorida_TO_Maryland_andGulfCoast_to_Lousiana",NA,"NW Atlantic","NW Atlantic","Florida-Maryland & Gulf Coast-Louisiana","fish","Carcharhinus brevipinna","Spinner shark",16,"cpue (standardized)","Carlson et al. 2012"
"Spiny dogfish Atlantic Coast","Spiny dogfish Atlantic Coast RAM NA","SDOGATLC","NW Atlantic","US East Coast","Atlantic Coast","fish","Squalus acanthias","Spiny dogfish",16,"ram","RAM"
"Spotted spiny dogfish Pacific Coast","Spotted spiny dogfish Pacific Coast RAM NA","SPSDOGPCOAST","NE Pacific","US West Coast","Pacific Coast","fish","Squalus suckleyi","Spotted spiny dogfish",96,"ram","RAM"
"Steller sea lion California [abundance (total)]","Steller Sea Lion Total Counts CA",NA,"NE Pacific","California","California","mammals","Eumetopias jubatus","Steller sea lion",10,"abundance (total)","NOAA 2013"
"Steller sea lion Oregon [abundance (total)]","Steller Sea Lion Total Counts OR",NA,"NE Pacific","Oregon","Oregon","mammals","Eumetopias jubatus","Steller sea lion",9,"abundance (total)","NOAA 2013"
"Steller sea lion Washington [abundance (total)]","Steller Sea Lion Total Counts WA",NA,"NE Pacific","Washington","Washington","mammals","Eumetopias jubatus","Steller sea lion",13,"abundance (total)","NOAA 2013"
"Striped bass Gulf of Maine / Cape Hatteras","Striped bass Gulf of Maine / Cape Hatteras RAM NA","STRIPEDBASSGOMCHATT","NW Atlantic","US East Coast","Gulf of Maine / Cape Hatteras","fish","Morone saxatilis","Striped bass",31,"ram","RAM"
"Striped marlin North Pacific","Striped marlin North Pacific RAM NA",NA,"NE Pacific","Pacific Ocean","North Pacific","fish","Kajikia audax","Striped marlin",53,"ram","RAM"
"Summer flounder Mid-Atlantic Coast","Summer flounder Mid-Atlantic Coast RAM NA","SFLOUNMATLC","NW Atlantic","US East Coast","Mid-Atlantic Coast","fish","Paralichthys dentatus","Summer flounder",31,"ram","RAM"
"Swordfish Northern Atlantic","Swordfish North Atlantic RAM NA","SWORDNATL","NW Atlantic","Atlantic Ocean","Northern Atlantic","fish","Xiphias gladius","Swordfish",60,"ram","RAM"
"Weakfish Atlantic Coast","Weakfish Atlantic Coast RAM NA","WEAKFISHATLC","NW Atlantic","US East Coast","Atlantic Coast","fish","Cynoscion regalis","Weakfish",28,"ram","RAM"
"Western Atlantic harbor seal Maine coast [abundance (est.)]","Western Atlantic harbor seal  Abundance Estimate Maine coast",NA,"NW Atlantic","NW Atlantic","Maine coast","mammals","Phoca vitulina concolor","Western Atlantic harbor seal",2,"abundance (est.)","NOAA 2012, NOAA 2015"
"Western Atlantic harbor seal Maine coast [abundance (min est.)]","Western Atlantic harbor seal  Minimum abundance estimate Maine coast",NA,"NW Atlantic","NW Atlantic","Maine coast","mammals","Phoca vitulina concolor","Western Atlantic harbor seal",4,"abundance (min est.)","NOAA 1998, NOAA 2001"
"Western Atlantic harbor seal Maine coast [abundance (min est.)].1","Western Atlantic harbor seal  Minimum abundance estimate Maine coast ",NA,"NW Atlantic","NW Atlantic","Maine coast","mammals","Phoca vitulina concolor","Western Atlantic harbor seal",1,"abundance (min est.)","NOAA 1998"
"White hake Gulf of Maine / Georges Bank","White hake Georges Bank / Gulf of Maine RAM NA","WHAKEGBGOM","NW Atlantic","US East Coast","Gulf of Maine / Georges Bank","fish","Urophycis tenuis","White hake",45,"ram","RAM"
"White marlin Atlantic Ocean","White marlin Atlantic RAM NA","WMARLINATL","NW Atlantic","Atlantic Ocean","Atlantic Ocean","fish","Kajikia albida","White marlin",56,"ram","RAM"
"Widow rockfish Pacific Coast","Widow rockfish Pacific Coast RAM NA","WROCKPCOAST","NE Pacific","US West Coast","Pacific Coast","fish","Sebastes entomelas","Widow rockfish",96,"ram","RAM"
"Xantus's murrellet Southern California [density (fall)]","Xantus Murrel Density Autumn Southern CA ",NA,"NE Pacific","California","Southern California","birds","Synthliboramphus hypoleucus","Xantus's murrellet",11,"density (fall)","Hyrenbach and Veit 2003"
"Xantus's murrellet Southern California [density (spring)]","Xantus Murrel Density Spring Southern CA ",NA,"NE Pacific","California","Southern California","birds","Synthliboramphus hypoleucus","Xantus's murrellet",12,"density (spring)","Hyrenbach and Veit 2003"
"Xantus's murrellet Southern California [density (summer)]","Xantus Murrel Density Summer Southern CA ",NA,"NE Pacific","California","Southern California","birds","Synthliboramphus hypoleucus","Xantus's murrellet",11,"density (summer)","Hyrenbach and Veit 2003"
"Xantus's murrellet Southern California [density (winter)]","Xantus Murrel Density Winter Southern CA ",NA,"NE Pacific","California","Southern California","birds","Synthliboramphus hypoleucus","Xantus's murrellet",11,"density (winter)","Hyrenbach and Veit 2003"
"Yellowfin tuna Atlantic Ocean","Yellowfin tuna Atlantic RAM NA","YFINATL","NW Atlantic","Atlantic Ocean","Atlantic Ocean","fish","Thunnus albacares","Yellowfin tuna",62,"ram","RAM"
"Yellowtail rockfish Northern Pacific Coast","Yellowtail rockfish Northern Pacific Coast RAM NA","YTROCKNPCOAST","NE Pacific","US West Coast","Northern Pacific Coast","fish","Sebastes flavidus","Yellowtail rockfish",39,"ram","RAM"
