Specie,Year,Abundance,Abundance_Type,Area,Large Area,Reference
Brandt Cormoran,1971,20018,Breeding Adults,South Farallon Island,CA,Elliot et al 2015
Brandt Cormoran,1972,21917,Breeding Adults,South Farallon Island,CA,Elliot et al 2015
Brandt Cormoran,1973,14253,Breeding Adults,South Farallon Island,CA,Elliot et al 2015
Brandt Cormoran,1974,23697,Breeding Adults,South Farallon Island,CA,Elliot et al 2015
Brandt Cormoran,1975,15022,Breeding Adults,South Farallon Island,CA,Elliot et al 2015
Brandt Cormoran,1976,14248,Breeding Adults,South Farallon Island,CA,Elliot et al 2015
Brandt Cormoran,1977,21613,Breeding Adults,South Farallon Island,CA,Elliot et al 2015
Brandt Cormoran,1978,6760,Breeding Adults,South Farallon Island,CA,Elliot et al 2015
Brandt Cormoran,1979,18759,Breeding Adults,South Farallon Island,CA,Elliot et al 2015
Brandt Cormoran,1980,15490,Breeding Adults,South Farallon Island,CA,Elliot et al 2015
Brandt Cormoran,1981,17984,Breeding Adults,South Farallon Island,CA,Elliot et al 2015
Brandt Cormoran,1982,14299,Breeding Adults,South Farallon Island,CA,Elliot et al 2015
Brandt Cormoran,1983,4199,Breeding Adults,South Farallon Island,CA,Elliot et al 2015
Brandt Cormoran,1984,4435,Breeding Adults,South Farallon Island,CA,Elliot et al 2015
Brandt Cormoran,1985,8236,Breeding Adults,South Farallon Island,CA,Elliot et al 2015
Brandt Cormoran,1986,6333,Breeding Adults,South Farallon Island,CA,Elliot et al 2015
Brandt Cormoran,1987,8352,Breeding Adults,South Farallon Island,CA,Elliot et al 2015
Brandt Cormoran,1988,5023,Breeding Adults,South Farallon Island,CA,Elliot et al 2015
Brandt Cormoran,1989,11022,Breeding Adults,South Farallon Island,CA,Elliot et al 2015
Brandt Cormoran,1990,6446,Breeding Adults,South Farallon Island,CA,Elliot et al 2015
Brandt Cormoran,1991,10128,Breeding Adults,South Farallon Island,CA,Elliot et al 2015
Brandt Cormoran,1992,2998,Breeding Adults,South Farallon Island,CA,Elliot et al 2015
Brandt Cormoran,1993,4601,Breeding Adults,South Farallon Island,CA,Elliot et al 2015
Brandt Cormoran,1994,11728,Breeding Adults,South Farallon Island,CA,Elliot et al 2015
Brandt Cormoran,1995,10598,Breeding Adults,South Farallon Island,CA,Elliot et al 2015
Brandt Cormoran,1996,8042,Breeding Adults,South Farallon Island,CA,Elliot et al 2015
Brandt Cormoran,1997,7446,Breeding Adults,South Farallon Island,CA,Elliot et al 2015
Brandt Cormoran,1998,5128,Breeding Adults,South Farallon Island,CA,Elliot et al 2015
Brandt Cormoran,1999,6315,Breeding Adults,South Farallon Island,CA,Elliot et al 2015
Brandt Cormoran,2000,5898,Breeding Adults,South Farallon Island,CA,Elliot et al 2015
Brandt Cormoran,2001,6609,Breeding Adults,South Farallon Island,CA,Elliot et al 2015
Brandt Cormoran,2002,9400,Breeding Adults,South Farallon Island,CA,Elliot et al 2015
Brandt Cormoran,2003,11181,Breeding Adults,South Farallon Island,CA,Elliot et al 2015
Brandt Cormoran,2004,16704,Breeding Adults,South Farallon Island,CA,Elliot et al 2015
Brandt Cormoran,2005,11653,Breeding Adults,South Farallon Island,CA,Elliot et al 2015
Brandt Cormoran,2006,15572,Breeding Adults,South Farallon Island,CA,Elliot et al 2015
Brandt Cormoran,2007,20561,Breeding Adults,South Farallon Island,CA,Elliot et al 2015
Brandt Cormoran,2008,4817,Breeding Adults,South Farallon Island,CA,Elliot et al 2015
Brandt Cormoran,2009,1311,Breeding Adults,South Farallon Island,CA,Elliot et al 2015
Brandt Cormoran,2010,5052,Breeding Adults,South Farallon Island,CA,Elliot et al 2015
Brandt Cormoran,2011,4872,Breeding Adults,South Farallon Island,CA,Elliot et al 2015
Brandt Cormoran,2012,3505,Breeding Adults,South Farallon Island,CA,Elliot et al 2015
Brandt Cormoran,1979,10947,Total Nests,Gulf Farallonls,CA,Capitolo et al 2014
Brandt Cormoran,1980,8575,Total Nests,Gulf Farallonls,CA,Capitolo et al 2014
Brandt Cormoran,1986,3537,Total Nests,Gulf Farallonls,CA,Capitolo et al 2014
Brandt Cormoran,1987,4618,Total Nests,Gulf Farallonls,CA,Capitolo et al 2014
Brandt Cormoran,1988,6407,Total Nests,Gulf Farallonls,CA,Capitolo et al 2014
Brandt Cormoran,1989,8455,Total Nests,Gulf Farallonls,CA,Capitolo et al 2014
Brandt Cormoran,1990,5097,Total Nests,Gulf Farallonls,CA,Capitolo et al 2014
Brandt Cormoran,1993,5688,Total Nests,Gulf Farallonls,CA,Capitolo et al 2014
Brandt Cormoran,1994,6816,Total Nests,Gulf Farallonls,CA,Capitolo et al 2014
Brandt Cormoran,1995,6589,Total Nests,Gulf Farallonls,CA,Capitolo et al 2014
Brandt Cormoran,1997,6789,Total Nests,Gulf Farallonls,CA,Capitolo et al 2014
Brandt Cormoran,1998,3526,Total Nests,Gulf Farallonls,CA,Capitolo et al 2014
Brandt Cormoran,1999,5509,Total Nests,Gulf Farallonls,CA,Capitolo et al 2014
Brandt Cormoran,2000,5682,Total Nests,Gulf Farallonls,CA,Capitolo et al 2014
Brandt Cormoran,2001,6522,Total Nests,Gulf Farallonls,CA,Capitolo et al 2014
Brandt Cormoran,2002,9976,Total Nests,Gulf Farallonls,CA,Capitolo et al 2014
Brandt Cormoran,2003,9447,Total Nests,Gulf Farallonls,CA,Capitolo et al 2014
Brandt Cormoran,2004,12357,Total Nests,Gulf Farallonls,CA,Capitolo et al 2014
Brandt Cormoran,2005,10959,Total Nests,Gulf Farallonls,CA,Capitolo et al 2014
Brandt Cormoran,2006,17438,Total Nests,Gulf Farallonls,CA,Capitolo et al 2014
Brown Pelican,1971,663,Total Nests,South California Bight,CA,http://www.esasuccess.org/birds.shtml
Brown Pelican,1972,531,Total Nests,South California Bight,CA,http://www.esasuccess.org/birds.shtml
Brown Pelican,1973,616,Total Nests,South California Bight,CA,http://www.esasuccess.org/birds.shtml
Brown Pelican,1974,1305,Total Nests,South California Bight,CA,http://www.esasuccess.org/birds.shtml
Brown Pelican,1975,633,Total Nests,South California Bight,CA,http://www.esasuccess.org/birds.shtml
Brown Pelican,1976,933,Total Nests,South California Bight,CA,http://www.esasuccess.org/birds.shtml
Brown Pelican,1977,348,Total Nests,South California Bight,CA,http://www.esasuccess.org/birds.shtml
Brown Pelican,1978,466,Total Nests,South California Bight,CA,http://www.esasuccess.org/birds.shtml
Brown Pelican,1979,2202,Total Nests,South California Bight,CA,http://www.esasuccess.org/birds.shtml
Brown Pelican,1980,2977,Total Nests,South California Bight,CA,http://www.esasuccess.org/birds.shtml
Brown Pelican,1981,3732,Total Nests,South California Bight,CA,http://www.esasuccess.org/birds.shtml
Brown Pelican,1982,2757,Total Nests,South California Bight,CA,http://www.esasuccess.org/birds.shtml
Brown Pelican,1983,2733,Total Nests,South California Bight,CA,http://www.esasuccess.org/birds.shtml
Brown Pelican,1984,1500,Total Nests,South California Bight,CA,http://www.esasuccess.org/birds.shtml
Brown Pelican,1985,6964,Total Nests,South California Bight,CA,http://www.esasuccess.org/birds.shtml
Brown Pelican,1986,7977,Total Nests,South California Bight,CA,http://www.esasuccess.org/birds.shtml
Brown Pelican,1987,7900,Total Nests,South California Bight,CA,http://www.esasuccess.org/birds.shtml
Brown Pelican,1988,3544,Total Nests,South California Bight,CA,http://www.esasuccess.org/birds.shtml
Brown Pelican,1989,5939,Total Nests,South California Bight,CA,http://www.esasuccess.org/birds.shtml
Brown Pelican,1990,2481,Total Nests,South California Bight,CA,http://www.esasuccess.org/birds.shtml
Brown Pelican,1991,6454,Total Nests,South California Bight,CA,http://www.esasuccess.org/birds.shtml
Brown Pelican,1992,1936,Total Nests,South California Bight,CA,http://www.esasuccess.org/birds.shtml
Brown Pelican,1993,4440,Total Nests,South California Bight,CA,http://www.esasuccess.org/birds.shtml
Brown Pelican,1994,6145,Total Nests,South California Bight,CA,http://www.esasuccess.org/birds.shtml
Brown Pelican,1995,6251,Total Nests,South California Bight,CA,http://www.esasuccess.org/birds.shtml
Brown Pelican,1996,6616,Total Nests,South California Bight,CA,http://www.esasuccess.org/birds.shtml
Brown Pelican,1997,6614,Total Nests,South California Bight,CA,http://www.esasuccess.org/birds.shtml
Brown Pelican,1998,3414,Total Nests,South California Bight,CA,http://www.esasuccess.org/birds.shtml
Brown Pelican,1999,6005,Total Nests,South California Bight,CA,http://www.esasuccess.org/birds.shtml
Brown Pelican,2004,7500,Total Nests,South California Bight,CA,http://www.esasuccess.org/birds.shtml
Brown Pelican,2005,5948,Total Nests,South California Bight,CA,http://www.esasuccess.org/birds.shtml
Brown Pelican,2006,9000,Total Nests,South California Bight,CA,http://www.esasuccess.org/birds.shtml
Brown Pelican,2007,5944,Total Nests,South California Bight,CA,http://www.esasuccess.org/birds.shtml
Brown Pelican,2009,11695,Total Nests,South California Bight,CA,http://www.esasuccess.org/birds.shtml
Brown Pelican,1987,840.6205,Total Counts,Washington ,WA,Stinson 2014
Brown Pelican,1988,2883.3822,Total Counts,Washington ,WA,Stinson 2014
Brown Pelican,1989,3281.9396,Total Counts,Washington ,WA,Stinson 2014
Brown Pelican,1990,4933431,Total Counts,Washington ,WA,Stinson 2014
Brown Pelican,1991,7613,Total Counts,Washington ,WA,Stinson 2014
Brown Pelican,1992,3714.5805,Total Counts,Washington ,WA,Stinson 2014
Brown Pelican,1993,4485.2825,Total Counts,Washington ,WA,Stinson 2014
Brown Pelican,1994,3533.4878,Total Counts,Washington ,WA,Stinson 2014
Brown Pelican,1996,5759.7584,Total Counts,Washington ,WA,Stinson 2014
Brown Pelican,1997,1186.6207,Total Counts,Washington ,WA,Stinson 2014
Brown Pelican,1998,2114.0354,Total Counts,Washington ,WA,Stinson 2014
Brown Pelican,1999,2003.8199,Total Counts,Washington ,WA,Stinson 2014
Brown Pelican,2000,5025.1727,Total Counts,Washington ,WA,Stinson 2014
Brown Pelican,2001,2644.6696,Total Counts,Washington ,WA,Stinson 2014
Brown Pelican,2002,3239.2776,Total Counts,Washington ,WA,Stinson 2014
Brown Pelican,2003,4224.9641,Total Counts,Washington ,WA,Stinson 2014
Brown Pelican,2004,2607.7479,Total Counts,Washington ,WA,Stinson 2014
Brown Pelican,2005,11501.2861,Total Counts,Washington ,WA,Stinson 2014
Brown Pelican,2007,7581.4757,Total Counts,Washington ,WA,Stinson 2014
Brown Pelican,2008,5553.0327,Total Counts,Washington ,WA,Stinson 2014
Brown Pelican,2009,6343.2439,Total Counts,Washington ,WA,Stinson 2014
Brown Pelican,2010,3884.1927,Total Counts,Washington ,WA,Stinson 2014
Brown Pelican,2011,3538.9083,Total Counts,Washington ,WA,Stinson 2014
Brown Pelican,2012,3742.1183,Total Counts,Washington ,WA,Stinson 2014
Brown Pelican,2013,3632.0308,Total Counts,Washington ,WA,Stinson 2014
Brown Pelican,2014,1523,Total Counts,Washington ,WA,Stinson 2014
Brown Pelican,1987,3151.2051,Total Counts,Washington ,WA,Stinson 2014
Brown Pelican,1988,1455.6965,Total Counts,Washington ,WA,Stinson 2014
Brown Pelican,1989,1619.5046,Total Counts,Washington ,WA,Stinson 2014
Brown Pelican,1990,1900.7511,Total Counts,Washington ,WA,Stinson 2014
Brown Pelican,1991,2455.9573,Total Counts,Washington ,WA,Stinson 2014
Brown Pelican,1992,1602.0281,Total Counts,Washington ,WA,Stinson 2014
Brown Pelican,1993,1961.6311,Total Counts,Washington ,WA,Stinson 2014
Brown Pelican,1996,3314.4634,Total Counts,Washington ,WA,Stinson 2014
Brown Pelican,1997,4691484,Total Counts,Washington ,WA,Stinson 2014
Brown Pelican,2001,4016.0011,Total Counts,Washington ,WA,Stinson 2014
Brown Pelican,2002,8838.1429,Total Counts,Washington ,WA,Stinson 2014
Brown Pelican,2003,4852.7734,Total Counts,Washington ,WA,Stinson 2014
Brown Pelican,2004,12454.2953,Total Counts,Washington ,WA,Stinson 2014
Brown Pelican,2005,5023.8048,Total Counts,Washington ,WA,Stinson 2014
Brown Pelican,2007,11223.3507,Total Counts,Washington ,WA,Stinson 2014
Brown Pelican,2008,7002.7205,Total Counts,Washington ,WA,Stinson 2014
Brown Pelican,2009,11824.9902,Total Counts,Washington ,WA,Stinson 2014
Brown Pelican,2010,8700.5814,Total Counts,Washington ,WA,Stinson 2014
Brown Pelican,2011,14305.6472,Total Counts,Washington ,WA,Stinson 2014
Brown Pelican,2012,8636.6077,Total Counts,Washington ,WA,Stinson 2014
Brown Pelican,2013,3594.2909,Total Counts,Washington ,WA,Stinson 2014
Brown Pelican,2014,1996.4561,Total Counts,Washington ,WA,Stinson 2014
California Gulls,1983,45095,Breeding Adults,Lake Mono,CA,Wrege et al 2006
California Gulls,1984,44914,Breeding Adults,Lake Mono,CA,Wrege et al 2006
California Gulls,1985,44649,Breeding Adults,Lake Mono,CA,Wrege et al 2006
California Gulls,1986,49612,Breeding Adults,Lake Mono,CA,Wrege et al 2006
California Gulls,1986,47744,Breeding Adults,Lake Mono,CA,Wrege et al 2006
California Gulls,1988,45117,Breeding Adults,Lake Mono,CA,Wrege et al 2006
California Gulls,1989,44260,Breeding Adults,Lake Mono,CA,Wrege et al 2006
California Gulls,1990,61368,Breeding Adults,Lake Mono,CA,Wrege et al 2006
California Gulls,1991,37488,Breeding Adults,Lake Mono,CA,Wrege et al 2006
California Gulls,1992,64716,Breeding Adults,Lake Mono,CA,Wrege et al 2006
California Gulls,1993,60992,Breeding Adults,Lake Mono,CA,Wrege et al 2006
California Gulls,1994,63173,Breeding Adults,Lake Mono,CA,Wrege et al 2006
California Gulls,1995,50003,Breeding Adults,Lake Mono,CA,Wrege et al 2006
California Gulls,1996,47629,Breeding Adults,Lake Mono,CA,Wrege et al 2006
California Gulls,1997,49726,Breeding Adults,Lake Mono,CA,Wrege et al 2006
California Gulls,1998,35291,Breeding Adults,Lake Mono,CA,Wrege et al 2006
California Gulls,1999,40508,Breeding Adults,Lake Mono,CA,Wrege et al 2006
California Gulls,2000,49266,Breeding Adults,Lake Mono,CA,Wrege et al 2006
California Gulls,2001,47735,Breeding Adults,Lake Mono,CA,Wrege et al 2006
California Gulls,2002,45783,Breeding Adults,Lake Mono,CA,Wrege et al 2006
California Gulls,2003,40035,Breeding Adults,Lake Mono,CA,Wrege et al 2006
California Sea Lion,1975,12200,Pups,Southern SCB,CA,NOAA 2011
California Sea Lion,1976,11602,Pups,Southern SCB,CA,NOAA 2011
California Sea Lion,1977,11401,Pups,Southern SCB,CA,NOAA 2011
California Sea Lion,1978,11299,Pups,Southern SCB,CA,NOAA 2011
California Sea Lion,1979,14573,Pups,Southern SCB,CA,NOAA 2011
California Sea Lion,1980,16755,Pups,Southern SCB,CA,NOAA 2011
California Sea Lion,1981,15958,Pups,Southern SCB,CA,NOAA 2011
California Sea Lion,1982,19232,Pups,Southern SCB,CA,NOAA 2011
California Sea Lion,1983,12379,Pups,Southern SCB,CA,NOAA 2011
California Sea Lion,1984,13965,Pups,Southern SCB,CA,NOAA 2011
California Sea Lion,1985,15154,Pups,Southern SCB,CA,NOAA 2011
California Sea Lion,1986,17336,Pups,Southern SCB,CA,NOAA 2011
California Sea Lion,1987,19319,Pups,Southern SCB,CA,NOAA 2011
California Sea Lion,1988,19515,Pups,Southern SCB,CA,NOAA 2011
California Sea Lion,1989,23882,Pups,Southern SCB,CA,NOAA 2011
California Sea Lion,1990,24573,Pups,Southern SCB,CA,NOAA 2011
California Sea Lion,1991,29933,Pups,Southern SCB,CA,NOAA 2011
California Sea Lion,1992,20597,Pups,Southern SCB,CA,NOAA 2011
California Sea Lion,1993,22878,Pups,Southern SCB,CA,NOAA 2011
California Sea Lion,1994,35585,Pups,Southern SCB,CA,NOAA 2011
California Sea Lion,1994,36179,Pups,Southern SCB,CA,NOAA 2011
California Sea Lion,1996,41240,Pups,Southern SCB,CA,NOAA 2011
California Sea Lion,1997,41436,Pups,Southern SCB,CA,NOAA 2011
California Sea Lion,1998,14923,Pups,Southern SCB,CA,NOAA 2011
California Sea Lion,1999,42225,Pups,Southern SCB,CA,NOAA 2011
California Sea Lion,2000,49570,Pups,Southern SCB,CA,NOAA 2011
California Sea Lion,2001,49171,Pups,Southern SCB,CA,NOAA 2011
California Sea Lion,2002,45494,Pups,Southern SCB,CA,NOAA 2011
California Sea Lion,2003,36556,Pups,Southern SCB,CA,NOAA 2011
California Sea Lion,2005,48465,Pups,Southern SCB,CA,NOAA 2011
California Sea Lion,2006,56208,Pups,Southern SCB,CA,NOAA 2011
California Sea Lion,2007,54319,Pups,Southern SCB,CA,NOAA 2011
California Sea Lion,2008,59777,Pups,Southern SCB,CA,NOAA 2011
California Sea Lion,1927,1621.5965,Total Counts,Southern SCB,CA,Lowry and Maravilla 2005
California Sea Lion,1928,2233.0288,Total Counts,Southern SCB,CA,Lowry and Maravilla 2005
California Sea Lion,1930,2023.7974,Total Counts,Southern SCB,CA,Lowry and Maravilla 2005
California Sea Lion,1936,3647.5622,Total Counts,Southern SCB,CA,Lowry and Maravilla 2005
California Sea Lion,1938,4461938,Total Counts,Southern SCB,CA,Lowry and Maravilla 2005
California Sea Lion,1946,6080.7159,Total Counts,Southern SCB,CA,Lowry and Maravilla 2005
California Sea Lion,1947,3826.8723,Total Counts,Southern SCB,CA,Lowry and Maravilla 2005
California Sea Lion,1958,12193.9546,Total Counts,Southern SCB,CA,Lowry and Maravilla 2005
California Sea Lion,1958,15059.6642,Total Counts,Southern SCB,CA,Lowry and Maravilla 2005
California Sea Lion,1961,18736714,Total Counts,Southern SCB,CA,Lowry and Maravilla 2005
California Sea Lion,1964,34490.2021,Total Counts,Southern SCB,CA,Lowry and Maravilla 2005
California Sea Lion,1965,16885.5051,Total Counts,Southern SCB,CA,Lowry and Maravilla 2005
California Sea Lion,1969,17081.2934,Total Counts,Southern SCB,CA,Lowry and Maravilla 2005
California Sea Lion,1970,18102.5156,Total Counts,Southern SCB,CA,Lowry and Maravilla 2005
California Sea Lion,1975,35898.0141,Total Counts,Southern SCB,CA,Lowry and Maravilla 2005
California Sea Lion,1976,42241.0821,Total Counts,Southern SCB,CA,Lowry and Maravilla 2005
California Sea Lion,1977,38349.8142,Total Counts,Southern SCB,CA,Lowry and Maravilla 2005
California Sea Lion,1992,54894.4784,Total Counts,Southern SCB,CA,Lowry and Maravilla 2005
California Sea Lion,1993,63488.5713,Total Counts,Southern SCB,CA,Lowry and Maravilla 2005
California Sea Lion,1994,77608.9714,Total Counts,Southern SCB,CA,Lowry and Maravilla 2005
California Sea Lion,1994,97051.0007,Total Counts,Southern SCB,CA,Lowry and Maravilla 2005
California Sea Lion,1996,80879.2669,Total Counts,Southern SCB,CA,Lowry and Maravilla 2005
California Sea Lion,1997,91725.0351,Total Counts,Southern SCB,CA,Lowry and Maravilla 2005
California Sea Lion,1998,50172.79,Total Counts,Southern SCB,CA,Lowry and Maravilla 2005
California Sea Lion,1999,95404.9035,Total Counts,Southern SCB,CA,Lowry and Maravilla 2005
California Sea Lion,2000,120780,Total Counts,Southern SCB,CA,Lowry and Maravilla 2005
Common Murre,1986,31517,Breeding Adults,South East Farallons Island,CA,Lee et al 2008
Common Murre,1987,35524,Breeding Adults,South East Farallons Island,CA,Lee et al 2008
Common Murre,1988,32429,Breeding Adults,South East Farallons Island,CA,Lee et al 2008
Common Murre,1990,43552,Breeding Adults,South East Farallons Island,CA,Lee et al 2008
Common Murre,1991,35573,Breeding Adults,South East Farallons Island,CA,Lee et al 2008
Common Murre,1992,32923,Breeding Adults,South East Farallons Island,CA,Lee et al 2008
Common Murre,1993,44476,Breeding Adults,South East Farallons Island,CA,Lee et al 2008
Common Murre,1995,69803,Breeding Adults,South East Farallons Island,CA,Lee et al 2008
Common Murre,1996,65820,Breeding Adults,South East Farallons Island,CA,Lee et al 2008
Common Murre,1997,61394,Breeding Adults,South East Farallons Island,CA,Lee et al 2008
Common Murre,1998,53415,Breeding Adults,South East Farallons Island,CA,Lee et al 2008
Common Murre,1999,59199,Breeding Adults,South East Farallons Island,CA,Lee et al 2008
Common Murre,2000,54328,Breeding Adults,South East Farallons Island,CA,Lee et al 2008
Common Murre,2001,68545,Breeding Adults,South East Farallons Island,CA,Lee et al 2008
Common Murre,2002,104513,Breeding Adults,South East Farallons Island,CA,Lee et al 2008
Common Murre,2003,107189,Breeding Adults,South East Farallons Island,CA,Lee et al 2008
Common Murre,2004,169790,Breeding Adults,South East Farallons Island,CA,Lee et al 2008
Common Murre,1987,51.4,Population Index,UUColony_Farallons Island,CA,Lee et al 2008
Common Murre,1988,58.5,Population Index,UUColony_Farallons Island,CA,Lee et al 2008
Common Murre,1989,70.2,Population Index,UUColony_Farallons Island,CA,Lee et al 2008
Common Murre,1990,68.4,Population Index,UUColony_Farallons Island,CA,Lee et al 2008
Common Murre,1991,58.3,Population Index,UUColony_Farallons Island,CA,Lee et al 2008
Common Murre,1992,52.3,Population Index,UUColony_Farallons Island,CA,Lee et al 2008
Common Murre,1993,53.3,Population Index,UUColony_Farallons Island,CA,Lee et al 2008
Common Murre,1994,60.2,Population Index,UUColony_Farallons Island,CA,Lee et al 2008
Common Murre,1996,39,Population Index,UUColony_Farallons Island,CA,Lee et al 2008
Common Murre,1997,55.4,Population Index,UUColony_Farallons Island,CA,Lee et al 2008
Common Murre,1998,45,Population Index,UUColony_Farallons Island,CA,Lee et al 2008
Common Murre,1999,47.1,Population Index,UUColony_Farallons Island,CA,Lee et al 2008
Common Murre,2000,46.9,Population Index,UUColony_Farallons Island,CA,Lee et al 2008
Common Murre,2001,41.1,Population Index,UUColony_Farallons Island,CA,Lee et al 2008
Common Murre,2002,40.2,Population Index,UUColony_Farallons Island,CA,Lee et al 2008
Common Murre,2003,32.1,Population Index,UUColony_Farallons Island,CA,Lee et al 2008
Common Murre,2004,41.4,Population Index,UUColony_Farallons Island,CA,Lee et al 2008
Elegant Tern,1959,29,Breeding Pairs,San Diego Bay,CA,Schaffner 1986
Elegant Tern,1960,37,Breeding Pairs,San Diego Bay,CA,Schaffner 1986
Elegant Tern,1962,54,Breeding Pairs,San Diego Bay,CA,Schaffner 1986
Elegant Tern,1966,79,Breeding Pairs,San Diego Bay,CA,Schaffner 1986
Elegant Tern,1979,450,Breeding Pairs,San Diego Bay,CA,Schaffner 1986
Elegant Tern,1980,607,Breeding Pairs,San Diego Bay,CA,Schaffner 1986
Elegant Tern,1981,861,Breeding Pairs,San Diego Bay,CA,Schaffner 1986
Elegant Tern,1982,801,Breeding Pairs,San Diego Bay,CA,Schaffner 1986
Elegant Tern,1983,437,Breeding Pairs,San Diego Bay,CA,Schaffner 1986
Elegant Tern,1980,15141,Breeding Pairs,Isla Rasa,Gulf of California,Velarde et al 2015
Elegant Tern,1981,16532,Breeding Pairs,Isla Rasa,Gulf of California,Velarde et al 2015
Elegant Tern,1982,17922,Breeding Pairs,Isla Rasa,Gulf of California,Velarde et al 2015
Elegant Tern,1983,20262,Breeding Pairs,Isla Rasa,Gulf of California,Velarde et al 2015
Elegant Tern,1984,21654,Breeding Pairs,Isla Rasa,Gulf of California,Velarde et al 2015
Elegant Tern,1985,24938,Breeding Pairs,Isla Rasa,Gulf of California,Velarde et al 2015
Elegant Tern,1986,14026,Breeding Pairs,Isla Rasa,Gulf of California,Velarde et al 2015
Elegant Tern,1987,27249,Breeding Pairs,Isla Rasa,Gulf of California,Velarde et al 2015
Elegant Tern,1988,29114,Breeding Pairs,Isla Rasa,Gulf of California,Velarde et al 2015
Elegant Tern,1989,30032,Breeding Pairs,Isla Rasa,Gulf of California,Velarde et al 2015
Elegant Tern,1990,24326,Breeding Pairs,Isla Rasa,Gulf of California,Velarde et al 2015
Elegant Tern,1991,29977,Breeding Pairs,Isla Rasa,Gulf of California,Velarde et al 2015
Elegant Tern,1992,19064,Breeding Pairs,Isla Rasa,Gulf of California,Velarde et al 2015
Elegant Tern,1993,21877,Breeding Pairs,Isla Rasa,Gulf of California,Velarde et al 2015
Elegant Tern,1994,35570,Breeding Pairs,Isla Rasa,Gulf of California,Velarde et al 2015
Elegant Tern,1995,34124,Breeding Pairs,Isla Rasa,Gulf of California,Velarde et al 2015
Elegant Tern,1996,46873,Breeding Pairs,Isla Rasa,Gulf of California,Velarde et al 2015
Elegant Tern,1997,68138,Breeding Pairs,Isla Rasa,Gulf of California,Velarde et al 2015
Elegant Tern,1998,0,Breeding Pairs,Isla Rasa,Gulf of California,Velarde et al 2015
Elegant Tern,1999,63821,Breeding Pairs,Isla Rasa,Gulf of California,Velarde et al 2015
Elegant Tern,2000,94079,Breeding Pairs,Isla Rasa,Gulf of California,Velarde et al 2015
Elegant Tern,2001,49572,Breeding Pairs,Isla Rasa,Gulf of California,Velarde et al 2015
Elegant Tern,2002,84086,Breeding Pairs,Isla Rasa,Gulf of California,Velarde et al 2015
Elegant Tern,2003,1724,Breeding Pairs,Isla Rasa,Gulf of California,Velarde et al 2015
Elegant Tern,2004,84977,Breeding Pairs,Isla Rasa,Gulf of California,Velarde et al 2015
Elegant Tern,2005,66969,Breeding Pairs,Isla Rasa,Gulf of California,Velarde et al 2015
Elegant Tern,2006,78770,Breeding Pairs,Isla Rasa,Gulf of California,Velarde et al 2015
Elegant Tern,2007,74484,Breeding Pairs,Isla Rasa,Gulf of California,Velarde et al 2015
Elegant Tern,2008,99062,Breeding Pairs,Isla Rasa,Gulf of California,Velarde et al 2015
Elegant Tern,2009,7709,Breeding Pairs,Isla Rasa,Gulf of California,Velarde et al 2015
Elegant Tern,2010,584,Breeding Pairs,Isla Rasa,Gulf of California,Velarde et al 2015
Elegant Tern,2011,81471,Breeding Pairs,Isla Rasa,Gulf of California,Velarde et al 2015
Elegant Tern,2012,1.54E+05,Breeding Pairs,Isla Rasa,Gulf of California,Velarde et al 2015
Elegant Tern,2013,1.17E+05,Breeding Pairs,Isla Rasa,Gulf of California,Velarde et al 2015
Elegant Tern,2014,0,Breeding Pairs,Isla Rasa,Gulf of California,Velarde et al 2015
Elegant Tern,1991,147,Breeding Pairs,San Diego Bay,CA,Velarde et al 2015
Elegant Tern,1992,0,Breeding Pairs,San Diego Bay,CA,Velarde et al 2015
Elegant Tern,1993,153,Breeding Pairs,San Diego Bay,CA,Velarde et al 2015
Elegant Tern,1994,0,Breeding Pairs,San Diego Bay,CA,Velarde et al 2015
Elegant Tern,1995,1893,Breeding Pairs,San Diego Bay,CA,Velarde et al 2015
Elegant Tern,1996,0,Breeding Pairs,San Diego Bay,CA,Velarde et al 2015
Elegant Tern,1997,0,Breeding Pairs,San Diego Bay,CA,Velarde et al 2015
Elegant Tern,1998,0,Breeding Pairs,San Diego Bay,CA,Velarde et al 2015
Elegant Tern,1999,3061,Breeding Pairs,San Diego Bay,CA,Velarde et al 2015
Elegant Tern,2000,0,Breeding Pairs,San Diego Bay,CA,Velarde et al 2015
Elegant Tern,2001,0,Breeding Pairs,San Diego Bay,CA,Velarde et al 2015
Elegant Tern,2002,0,Breeding Pairs,San Diego Bay,CA,Velarde et al 2015
Elegant Tern,2003,10371,Breeding Pairs,San Diego Bay,CA,Velarde et al 2015
Elegant Tern,2004,1125,Breeding Pairs,San Diego Bay,CA,Velarde et al 2015
Elegant Tern,2005,3152,Breeding Pairs,San Diego Bay,CA,Velarde et al 2015
Elegant Tern,2006,554,Breeding Pairs,San Diego Bay,CA,Velarde et al 2015
Elegant Tern,2007,5109,Breeding Pairs,San Diego Bay,CA,Velarde et al 2015
Elegant Tern,2008,6773,Breeding Pairs,San Diego Bay,CA,Velarde et al 2015
Elegant Tern,2009,9594,Breeding Pairs,San Diego Bay,CA,Velarde et al 2015
Elegant Tern,2010,18846,Breeding Pairs,San Diego Bay,CA,Velarde et al 2015
Elegant Tern,2011,1580,Breeding Pairs,San Diego Bay,CA,Velarde et al 2015
Elegant Tern,2012,0,Breeding Pairs,San Diego Bay,CA,Velarde et al 2015
Elegant Tern,2013,213,Breeding Pairs,San Diego Bay,CA,Velarde et al 2015
Elegant Tern,2014,22326,Breeding Pairs,San Diego Bay,CA,Velarde et al 2015
Hampback Whale,1990,524,Total Estimated Population,California and Oregon,CA and OR,Calambokidis 2013
Hampback Whale,1991,568,Total Estimated Population,California and Oregon,CA and OR,Calambokidis 2013
Hampback Whale,1992,580,Total Estimated Population,California and Oregon,CA and OR,Calambokidis 2013
Hampback Whale,1993,570,Total Estimated Population,California and Oregon,CA and OR,Calambokidis 2013
Hampback Whale,1994,789,Total Estimated Population,California and Oregon,CA and OR,Calambokidis 2013
Hampback Whale,1995,744,Total Estimated Population,California and Oregon,CA and OR,Calambokidis 2013
Hampback Whale,1996,836,Total Estimated Population,California and Oregon,CA and OR,Calambokidis 2013
Hampback Whale,1997,857,Total Estimated Population,California and Oregon,CA and OR,Calambokidis 2013
Hampback Whale,1998,979,Total Estimated Population,California and Oregon,CA and OR,Calambokidis 2013
Hampback Whale,1999,689,Total Estimated Population,California and Oregon,CA and OR,Calambokidis 2013
Hampback Whale,2000,741,Total Estimated Population,California and Oregon,CA and OR,Calambokidis 2013
Hampback Whale,2001,974,Total Estimated Population,California and Oregon,CA and OR,Calambokidis 2013
Hampback Whale,2002,1309,Total Estimated Population,California and Oregon,CA and OR,Calambokidis 2013
Hampback Whale,2003,1335,Total Estimated Population,California and Oregon,CA and OR,Calambokidis 2013
Hampback Whale,2004,1561,Total Estimated Population,California and Oregon,CA and OR,Calambokidis 2013
Hampback Whale,2005,1169,Total Estimated Population,California and Oregon,CA and OR,Calambokidis 2013
Hampback Whale,2006,1536,Total Estimated Population,California and Oregon,CA and OR,Calambokidis 2013
Hampback Whale,2007,2048,Total Estimated Population,California and Oregon,CA and OR,Calambokidis 2013
Hampback Whale,2008,1477,Total Estimated Population,California and Oregon,CA and OR,Calambokidis 2013
Hampback Whale,2009,1367,Total Estimated Population,California and Oregon,CA and OR,Calambokidis 2013
Hampback Whale,2010,1148,Total Estimated Population,California and Oregon,CA and OR,Calambokidis 2013
Hampback Whale,1995,102,Total Estimated Population,WA,WA,Calambokidis 2009
Hampback Whale,1996,91,Total Estimated Population,WA,WA,Calambokidis 2009
Hampback Whale,1997,141,Total Estimated Population,WA,WA,Calambokidis 2009
Hampback Whale,1998,203,Total Estimated Population,WA,WA,Calambokidis 2009
Hampback Whale,2000,231,Total Estimated Population,WA,WA,Calambokidis 2009
Hampback Whale,2002,239,Total Estimated Population,WA,WA,Calambokidis 2009
Hampback Whale,2003,408,Total Estimated Population,WA,WA,Calambokidis 2009
Hampback Whale,2005,624,Total Estimated Population,WA,WA,Calambokidis 2009
Hampback Whale,2007,550,Total Estimated Population,WA,WA,Calambokidis 2009
Pacific Harbour Seal,1984,14121,Total Estimated Population,CA,CA,NOAA 2013
Pacific Harbour Seal,1985,14797,Total Estimated Population,CA,CA,NOAA 2013
Pacific Harbour Seal,1986,15472,Total Estimated Population,CA,CA,NOAA 2013
Pacific Harbour Seal,1987,19324,Total Estimated Population,CA,CA,NOAA 2013
Pacific Harbour Seal,1988,17972,Total Estimated Population,CA,CA,NOAA 2013
Pacific Harbour Seal,1989,20202,Total Estimated Population,CA,CA,NOAA 2013
Pacific Harbour Seal,1990,18378,Total Estimated Population,CA,CA,NOAA 2013
Pacific Harbour Seal,1991,22770,Total Estimated Population,CA,CA,NOAA 2013
Pacific Harbour Seal,1992,23108,Total Estimated Population,CA,CA,NOAA 2013
Pacific Harbour Seal,1993,17905,Total Estimated Population,CA,CA,NOAA 2013
Pacific Harbour Seal,1994,21418,Total Estimated Population,CA,CA,NOAA 2013
Pacific Harbour Seal,1995,23310,Total Estimated Population,CA,CA,NOAA 2013
Pacific Harbour Seal,2002,21351,Total Estimated Population,CA,CA,NOAA 2013
Pacific Harbour Seal,2004,26216,Total Estimated Population,CA,CA,NOAA 2013
Pacific Harbour Seal,2009,19608,Total Estimated Population,CA,CA,NOAA 2013
Pacific Harbour Seal,1982,2710,Total Estimated Population,OR,OR,Brown et al 2005
Pacific Harbour Seal,1983,3407,Total Estimated Population,OR,OR,Brown et al 2005
Pacific Harbour Seal,1985,3756,Total Estimated Population,OR,OR,Brown et al 2005
Pacific Harbour Seal,1986,3332,Total Estimated Population,OR,OR,Brown et al 2005
Pacific Harbour Seal,1987,3986,Total Estimated Population,OR,OR,Brown et al 2005
Pacific Harbour Seal,1988,4480,Total Estimated Population,OR,OR,Brown et al 2005
Pacific Harbour Seal,1989,5044,Total Estimated Population,OR,OR,Brown et al 2005
Pacific Harbour Seal,1990,4825,Total Estimated Population,OR,OR,Brown et al 2005
Pacific Harbour Seal,1991,4593,Total Estimated Population,OR,OR,Brown et al 2005
Pacific Harbour Seal,1992,5508,Total Estimated Population,OR,OR,Brown et al 2005
Pacific Harbour Seal,1993,5202,Total Estimated Population,OR,OR,Brown et al 2005
Pacific Harbour Seal,1994,4681,Total Estimated Population,OR,OR,Brown et al 2005
Pacific Harbour Seal,1995,4245,Total Estimated Population,OR,OR,Brown et al 2005
Pacific Harbour Seal,1996,4630,Total Estimated Population,OR,OR,Brown et al 2005
Pacific Harbour Seal,1998,5329,Total Estimated Population,OR,OR,Brown et al 2005
Pacific Harbour Seal,1999,4407,Total Estimated Population,OR,OR,Brown et al 2005
Pacific Harbour Seal,2000,4560,Total Estimated Population,OR,OR,Brown et al 2005
Pacific Harbour Seal,2001,4479,Total Estimated Population,OR,OR,Brown et al 2005
Pacific Harbour Seal,2002,5258,Total Estimated Population,OR,OR,Brown et al 2005
Pacific Harbour Seal,2003,5491,Total Estimated Population,OR,OR,Brown et al 2005
Pacific Harbour Seal,1975,1694,Total Estimated Population,Coastal Estuaries,WA,Jeffries et al 2003
Pacific Harbour Seal,1976,1742,Total Estimated Population,Coastal Estuaries,WA,Jeffries et al 2003
Pacific Harbour Seal,1977,2082,Total Estimated Population,Coastal Estuaries,WA,Jeffries et al 2003
Pacific Harbour Seal,1978,2570,Total Estimated Population,Coastal Estuaries,WA,Jeffries et al 2003
Pacific Harbour Seal,1980,2864,Total Estimated Population,Coastal Estuaries,WA,Jeffries et al 2003
Pacific Harbour Seal,1981,4408,Total Estimated Population,Coastal Estuaries,WA,Jeffries et al 2003
Pacific Harbour Seal,1982,5197,Total Estimated Population,Coastal Estuaries,WA,Jeffries et al 2003
Pacific Harbour Seal,1983,4416,Total Estimated Population,Coastal Estuaries,WA,Jeffries et al 2003
Pacific Harbour Seal,1984,4203,Total Estimated Population,Coastal Estuaries,WA,Jeffries et al 2003
Pacific Harbour Seal,1985,6008,Total Estimated Population,Coastal Estuaries,WA,Jeffries et al 2003
Pacific Harbour Seal,1986,4807,Total Estimated Population,Coastal Estuaries,WA,Jeffries et al 2003
Pacific Harbour Seal,1987,7600,Total Estimated Population,Coastal Estuaries,WA,Jeffries et al 2003
Pacific Harbour Seal,1988,6796,Total Estimated Population,Coastal Estuaries,WA,Jeffries et al 2003
Pacific Harbour Seal,1989,6475,Total Estimated Population,Coastal Estuaries,WA,Jeffries et al 2003
Pacific Harbour Seal,1991,8681,Total Estimated Population,Coastal Estuaries,WA,Jeffries et al 2003
Pacific Harbour Seal,1992,7761,Total Estimated Population,Coastal Estuaries,WA,Jeffries et al 2003
Pacific Harbour Seal,1993,8161,Total Estimated Population,Coastal Estuaries,WA,Jeffries et al 2003
Pacific Harbour Seal,1994,5786,Total Estimated Population,Coastal Estuaries,WA,Jeffries et al 2003
Pacific Harbour Seal,1995,6492,Total Estimated Population,Coastal Estuaries,WA,Jeffries et al 2003
Pacific Harbour Seal,1996,7191,Total Estimated Population,Coastal Estuaries,WA,Jeffries et al 2003
Pacific Harbour Seal,1997,7643,Total Estimated Population,Coastal Estuaries,WA,Jeffries et al 2003
Pacific Harbour Seal,1999,7117,Total Estimated Population,Coastal Estuaries,WA,Jeffries et al 2003
Pacific Harbour Seal,1980,1639,Total Estimated Population,Olympic Coast,WA,Jeffries et al 2003
Pacific Harbour Seal,1981,1677,Total Estimated Population,Olympic Coast,WA,Jeffries et al 2003
Pacific Harbour Seal,1983,2359,Total Estimated Population,Olympic Coast,WA,Jeffries et al 2003
Pacific Harbour Seal,1986,1789,Total Estimated Population,Olympic Coast,WA,Jeffries et al 2003
Pacific Harbour Seal,1987,3204,Total Estimated Population,Olympic Coast,WA,Jeffries et al 2003
Pacific Harbour Seal,1989,3667,Total Estimated Population,Olympic Coast,WA,Jeffries et al 2003
Pacific Harbour Seal,1991,3832,Total Estimated Population,Olympic Coast,WA,Jeffries et al 2003
Pacific Harbour Seal,1992,4191,Total Estimated Population,Olympic Coast,WA,Jeffries et al 2003
Pacific Harbour Seal,1993,3544,Total Estimated Population,Olympic Coast,WA,Jeffries et al 2003
Pacific Harbour Seal,1994,3505,Total Estimated Population,Olympic Coast,WA,Jeffries et al 2003
Pacific Harbour Seal,1995,4867,Total Estimated Population,Olympic Coast,WA,Jeffries et al 2003
Pacific Harbour Seal,1996,3124,Total Estimated Population,Olympic Coast,WA,Jeffries et al 2003
Pacific Harbour Seal,1997,4221,Total Estimated Population,Olympic Coast,WA,Jeffries et al 2003
Pacific Harbour Seal,1999,3313,Total Estimated Population,Olympic Coast,WA,Jeffries et al 2003
Pacific Harbour Seal,1978,417,Total Estimated Population,Juan de la Fuca,WA,Jeffries et al 2003
Pacific Harbour Seal,1980,4503,Total Estimated Population,Juan de la Fuca,WA,Jeffries et al 2003
Pacific Harbour Seal,1983,883,Total Estimated Population,Juan de la Fuca,WA,Jeffries et al 2003
Pacific Harbour Seal,1984,1025,Total Estimated Population,Juan de la Fuca,WA,Jeffries et al 2003
Pacific Harbour Seal,1985,1288,Total Estimated Population,Juan de la Fuca,WA,Jeffries et al 2003
Pacific Harbour Seal,1986,849,Total Estimated Population,Juan de la Fuca,WA,Jeffries et al 2003
Pacific Harbour Seal,1987,1016,Total Estimated Population,Juan de la Fuca,WA,Jeffries et al 2003
Pacific Harbour Seal,1988,1518,Total Estimated Population,Juan de la Fuca,WA,Jeffries et al 2003
Pacific Harbour Seal,1989,1402,Total Estimated Population,Juan de la Fuca,WA,Jeffries et al 2003
Pacific Harbour Seal,1990,1142,Total Estimated Population,Juan de la Fuca,WA,Jeffries et al 2003
Pacific Harbour Seal,1991,1238,Total Estimated Population,Juan de la Fuca,WA,Jeffries et al 2003
Pacific Harbour Seal,1992,1580,Total Estimated Population,Juan de la Fuca,WA,Jeffries et al 2003
Pacific Harbour Seal,1993,2154,Total Estimated Population,Juan de la Fuca,WA,Jeffries et al 2003
Pacific Harbour Seal,1994,1488,Total Estimated Population,Juan de la Fuca,WA,Jeffries et al 2003
Pacific Harbour Seal,1995,2281,Total Estimated Population,Juan de la Fuca,WA,Jeffries et al 2003
Pacific Harbour Seal,1996,1988,Total Estimated Population,Juan de la Fuca,WA,Jeffries et al 2003
Pacific Harbour Seal,1997,2284,Total Estimated Population,Juan de la Fuca,WA,Jeffries et al 2003
Pacific Harbour Seal,1998,1734,Total Estimated Population,Juan de la Fuca,WA,Jeffries et al 2003
Pacific Harbour Seal,1999,1752,Total Estimated Population,Juan de la Fuca,WA,Jeffries et al 2003
Pacific Harbour Seal,1978,852,Total Estimated Population,San Juan Islands,WA,Jeffries et al 2003
Pacific Harbour Seal,1983,1688,Total Estimated Population,San Juan Islands,WA,Jeffries et al 2003
Pacific Harbour Seal,1984,2308,Total Estimated Population,San Juan Islands,WA,Jeffries et al 2003
Pacific Harbour Seal,1985,1859,Total Estimated Population,San Juan Islands,WA,Jeffries et al 2003
Pacific Harbour Seal,1986,2193,Total Estimated Population,San Juan Islands,WA,Jeffries et al 2003
Pacific Harbour Seal,1987,2179,Total Estimated Population,San Juan Islands,WA,Jeffries et al 2003
Pacific Harbour Seal,1988,2847,Total Estimated Population,San Juan Islands,WA,Jeffries et al 2003
Pacific Harbour Seal,1989,2884,Total Estimated Population,San Juan Islands,WA,Jeffries et al 2003
Pacific Harbour Seal,1990,3157,Total Estimated Population,San Juan Islands,WA,Jeffries et al 2003
Pacific Harbour Seal,1991,3510,Total Estimated Population,San Juan Islands,WA,Jeffries et al 2003
Pacific Harbour Seal,1992,3640,Total Estimated Population,San Juan Islands,WA,Jeffries et al 2003
Pacific Harbour Seal,1993,4524,Total Estimated Population,San Juan Islands,WA,Jeffries et al 2003
Pacific Harbour Seal,1994,4529,Total Estimated Population,San Juan Islands,WA,Jeffries et al 2003
Pacific Harbour Seal,1995,4852,Total Estimated Population,San Juan Islands,WA,Jeffries et al 2003
Pacific Harbour Seal,1996,5330,Total Estimated Population,San Juan Islands,WA,Jeffries et al 2003
Pacific Harbour Seal,1997,4277,Total Estimated Population,San Juan Islands,WA,Jeffries et al 2003
Pacific Harbour Seal,1998,4441,Total Estimated Population,San Juan Islands,WA,Jeffries et al 2003
Pacific Harbour Seal,1999,3588,Total Estimated Population,San Juan Islands,WA,Jeffries et al 2003
Pacific Harbour Seal,1978,755,Total Estimated Population,Eastern Bays,WA,Jeffries et al 2003
Pacific Harbour Seal,1983,1347,Total Estimated Population,Eastern Bays,WA,Jeffries et al 2003
Pacific Harbour Seal,1984,1727,Total Estimated Population,Eastern Bays,WA,Jeffries et al 2003
Pacific Harbour Seal,1985,1416,Total Estimated Population,Eastern Bays,WA,Jeffries et al 2003
Pacific Harbour Seal,1986,1613,Total Estimated Population,Eastern Bays,WA,Jeffries et al 2003
Pacific Harbour Seal,1987,1751,Total Estimated Population,Eastern Bays,WA,Jeffries et al 2003
Pacific Harbour Seal,1988,1902,Total Estimated Population,Eastern Bays,WA,Jeffries et al 2003
Pacific Harbour Seal,1989,1839,Total Estimated Population,Eastern Bays,WA,Jeffries et al 2003
Pacific Harbour Seal,1991,1939,Total Estimated Population,Eastern Bays,WA,Jeffries et al 2003
Pacific Harbour Seal,1992,2102,Total Estimated Population,Eastern Bays,WA,Jeffries et al 2003
Pacific Harbour Seal,1993,2175,Total Estimated Population,Eastern Bays,WA,Jeffries et al 2003
Pacific Harbour Seal,1994,2144,Total Estimated Population,Eastern Bays,WA,Jeffries et al 2003
Pacific Harbour Seal,1995,2068,Total Estimated Population,Eastern Bays,WA,Jeffries et al 2003
Pacific Harbour Seal,1996,2521,Total Estimated Population,Eastern Bays,WA,Jeffries et al 2003
Pacific Harbour Seal,1997,2008,Total Estimated Population,Eastern Bays,WA,Jeffries et al 2003
Pacific Harbour Seal,1998,1810,Total Estimated Population,Eastern Bays,WA,Jeffries et al 2003
Pacific Harbour Seal,1999,1873,Total Estimated Population,Eastern Bays,WA,Jeffries et al 2003
Pacific Harbour Seal,1978,337,Total Estimated Population,Puget Sound,WA,Jeffries et al 2003
Pacific Harbour Seal,1985,732,Total Estimated Population,Puget Sound,WA,Jeffries et al 2003
Pacific Harbour Seal,1991,891,Total Estimated Population,Puget Sound,WA,Jeffries et al 2003
Pacific Harbour Seal,1992,708,Total Estimated Population,Puget Sound,WA,Jeffries et al 2003
Pacific Harbour Seal,1993,972,Total Estimated Population,Puget Sound,WA,Jeffries et al 2003
Pacific Harbour Seal,1994,854,Total Estimated Population,Puget Sound,WA,Jeffries et al 2003
Pacific Harbour Seal,1996,1119,Total Estimated Population,Puget Sound,WA,Jeffries et al 2003
Pacific Harbour Seal,1997,1060,Total Estimated Population,Puget Sound,WA,Jeffries et al 2003
Pacific Harbour Seal,1998,1026,Total Estimated Population,Puget Sound,WA,Jeffries et al 2003
Pacific Harbour Seal,1999,1025,Total Estimated Population,Puget Sound,WA,Jeffries et al 2003
Pacific Harbour Seal,1978,732,Total Estimated Population,Hood Canal,WA,Jeffries et al 2003
Pacific Harbour Seal,1991,1206,Total Estimated Population,Hood Canal,WA,Jeffries et al 2003
Pacific Harbour Seal,1992,989,Total Estimated Population,Hood Canal,WA,Jeffries et al 2003
Pacific Harbour Seal,1993,592,Total Estimated Population,Hood Canal,WA,Jeffries et al 2003
Pacific Harbour Seal,1996,975,Total Estimated Population,Hood Canal,WA,Jeffries et al 2003
Pacific Harbour Seal,1997,695,Total Estimated Population,Hood Canal,WA,Jeffries et al 2003
Pacific Harbour Seal,1998,577,Total Estimated Population,Hood Canal,WA,Jeffries et al 2003
Pacific Harbour Seal,1999,711,Total Estimated Population,Hood Canal,WA,Jeffries et al 2003
Pacific Harbour Seal,1978,3093,Total Estimated Population,Hood Canal,WA,Jeffries et al 2003
Pacific Harbour Seal,1991,8784,Total Estimated Population,Hood Canal,WA,Jeffries et al 2003
Pacific Harbour Seal,1992,9019,Total Estimated Population,Hood Canal,WA,Jeffries et al 2003
Pacific Harbour Seal,1993,10417,Total Estimated Population,Hood Canal,WA,Jeffries et al 2003
Pacific Harbour Seal,1996,11933,Total Estimated Population,Hood Canal,WA,Jeffries et al 2003
Pacific Harbour Seal,1997,10324,Total Estimated Population,Hood Canal,WA,Jeffries et al 2003
Pacific Harbour Seal,1998,9588,Total Estimated Population,Hood Canal,WA,Jeffries et al 2003
Pacific Harbour Seal,1999,8949,Total Estimated Population,Hood Canal,WA,Jeffries et al 2003
Pink-footed shearwater,1987,2.76,Density Spring,Southern CA ,CA,Hyrenbach and Veit 2003
Pink-footed shearwater,1987,1.21,Density Summer,Southern CA ,CA,Hyrenbach and Veit 2003
Pink-footed shearwater,1987,0.28,Density Autumn,Southern CA ,CA,Hyrenbach and Veit 2003
Pink-footed shearwater,1988,0.28,Density Winter,Southern CA ,CA,Hyrenbach and Veit 2003
Pink-footed shearwater,1988,7.04,Density Spring,Southern CA ,CA,Hyrenbach and Veit 2003
Pink-footed shearwater,1988,18.73,Density Summer,Southern CA ,CA,Hyrenbach and Veit 2003
Pink-footed shearwater,1988,4.72,Density Autumn,Southern CA ,CA,Hyrenbach and Veit 2003
Pink-footed shearwater,1989,0.1,Density Winter,Southern CA ,CA,Hyrenbach and Veit 2003
Pink-footed shearwater,1989,1.17,Density Spring,Southern CA ,CA,Hyrenbach and Veit 2003
Pink-footed shearwater,1989,14.86,Density Summer,Southern CA ,CA,Hyrenbach and Veit 2003
Pink-footed shearwater,1989,0.39,Density Autumn,Southern CA ,CA,Hyrenbach and Veit 2003
Pink-footed shearwater,1990,0.07,Density Winter,Southern CA ,CA,Hyrenbach and Veit 2003
Pink-footed shearwater,1990,4.84,Density Spring,Southern CA ,CA,Hyrenbach and Veit 2003
Pink-footed shearwater,1990,20.52,Density Summer,Southern CA ,CA,Hyrenbach and Veit 2003
Pink-footed shearwater,1990,1.28,Density Autumn,Southern CA ,CA,Hyrenbach and Veit 2003
Pink-footed shearwater,1991,0.05,Density Winter,Southern CA ,CA,Hyrenbach and Veit 2003
Pink-footed shearwater,1991,0.2,Density Spring,Southern CA ,CA,Hyrenbach and Veit 2003
Pink-footed shearwater,1991,5.73,Density Summer,Southern CA ,CA,Hyrenbach and Veit 2003
Pink-footed shearwater,1991,2.03,Density Autumn,Southern CA ,CA,Hyrenbach and Veit 2003
Pink-footed shearwater,1992,2.48,Density Winter,Southern CA ,CA,Hyrenbach and Veit 2003
Pink-footed shearwater,1992,1.4,Density Spring,Southern CA ,CA,Hyrenbach and Veit 2003
Pink-footed shearwater,1992,25.24,Density Summer,Southern CA ,CA,Hyrenbach and Veit 2003
Pink-footed shearwater,1992,9.54,Density Autumn,Southern CA ,CA,Hyrenbach and Veit 2003
Pink-footed shearwater,1993,0.15,Density Winter,Southern CA ,CA,Hyrenbach and Veit 2003
Pink-footed shearwater,1993,0.3,Density Spring,Southern CA ,CA,Hyrenbach and Veit 2003
Pink-footed shearwater,1993,6.44,Density Summer,Southern CA ,CA,Hyrenbach and Veit 2003
Pink-footed shearwater,1993,1.82,Density Autumn,Southern CA ,CA,Hyrenbach and Veit 2003
Pink-footed shearwater,1994,0.13,Density Winter,Southern CA ,CA,Hyrenbach and Veit 2003
Pink-footed shearwater,1994,0.12,Density Spring,Southern CA ,CA,Hyrenbach and Veit 2003
Pink-footed shearwater,1994,1.8,Density Summer,Southern CA ,CA,Hyrenbach and Veit 2003
Pink-footed shearwater,1995,0.41,Density Autumn,Southern CA ,CA,Hyrenbach and Veit 2003
Pink-footed shearwater,1995,0.4,Density Winter,Southern CA ,CA,Hyrenbach and Veit 2003
Pink-footed shearwater,1995,14.09,Density Spring,Southern CA ,CA,Hyrenbach and Veit 2003
Pink-footed shearwater,1995,4.23,Density Summer,Southern CA ,CA,Hyrenbach and Veit 2003
Pink-footed shearwater,1996,0.54,Density Autumn,Southern CA ,CA,Hyrenbach and Veit 2003
Pink-footed shearwater,1996,2.37,Density Winter,Southern CA ,CA,Hyrenbach and Veit 2003
Pink-footed shearwater,1996,12.67,Density Spring,Southern CA ,CA,Hyrenbach and Veit 2003
Pink-footed shearwater,1996,7.13,Density Summer,Southern CA ,CA,Hyrenbach and Veit 2003
Pink-footed shearwater,1997,0.05,Density Autumn,Southern CA ,CA,Hyrenbach and Veit 2003
Pink-footed shearwater,1997,8.04,Density Winter,Southern CA ,CA,Hyrenbach and Veit 2003
Pink-footed shearwater,1997,28.49,Density Spring,Southern CA ,CA,Hyrenbach and Veit 2003
Pink-footed shearwater,1998,0.17,Density Summer,Southern CA ,CA,Hyrenbach and Veit 2003
Pink-footed shearwater,1998,0.78,Density Autumn,Southern CA ,CA,Hyrenbach and Veit 2003
Pink-footed shearwater,1998,11.09,Density Winter,Southern CA ,CA,Hyrenbach and Veit 2003
Pink-footed shearwater,1998,76.31,Density Spring,Southern CA ,CA,Hyrenbach and Veit 2003
Rhinoceros Auklet,1987,0,Density Spring,Southern CA ,CA,Hyrenbach and Veit 2003
Rhinoceros Auklet,1987,0,Density Summer,Southern CA ,CA,Hyrenbach and Veit 2003
Rhinoceros Auklet,1987,1.41,Density Autumn,Southern CA ,CA,Hyrenbach and Veit 2003
Rhinoceros Auklet,1988,57.76,Density Winter,Southern CA ,CA,Hyrenbach and Veit 2003
Rhinoceros Auklet,1988,0.13,Density Spring,Southern CA ,CA,Hyrenbach and Veit 2003
Rhinoceros Auklet,1988,0,Density Summer,Southern CA ,CA,Hyrenbach and Veit 2003
Rhinoceros Auklet,1988,0.57,Density Autumn,Southern CA ,CA,Hyrenbach and Veit 2003
Rhinoceros Auklet,1989,5.74,Density Winter,Southern CA ,CA,Hyrenbach and Veit 2003
Rhinoceros Auklet,1989,0,Density Spring,Southern CA ,CA,Hyrenbach and Veit 2003
Rhinoceros Auklet,1989,0,Density Summer,Southern CA ,CA,Hyrenbach and Veit 2003
Rhinoceros Auklet,1989,0.59,Density Autumn,Southern CA ,CA,Hyrenbach and Veit 2003
Rhinoceros Auklet,1990,0.38,Density Winter,Southern CA ,CA,Hyrenbach and Veit 2003
Rhinoceros Auklet,1990,3.18,Density Spring,Southern CA ,CA,Hyrenbach and Veit 2003
Rhinoceros Auklet,1990,0.17,Density Summer,Southern CA ,CA,Hyrenbach and Veit 2003
Rhinoceros Auklet,1990,7.28,Density Autumn,Southern CA ,CA,Hyrenbach and Veit 2003
Rhinoceros Auklet,1991,10.07,Density Winter,Southern CA ,CA,Hyrenbach and Veit 2003
Rhinoceros Auklet,1991,10.72,Density Spring,Southern CA ,CA,Hyrenbach and Veit 2003
Rhinoceros Auklet,1991,0,Density Summer,Southern CA ,CA,Hyrenbach and Veit 2003
Rhinoceros Auklet,1991,0.62,Density Autumn,Southern CA ,CA,Hyrenbach and Veit 2003
Rhinoceros Auklet,1992,24.07,Density Winter,Southern CA ,CA,Hyrenbach and Veit 2003
Rhinoceros Auklet,1992,0.63,Density Spring,Southern CA ,CA,Hyrenbach and Veit 2003
Rhinoceros Auklet,1992,0.21,Density Summer,Southern CA ,CA,Hyrenbach and Veit 2003
Rhinoceros Auklet,1992,0,Density Autumn,Southern CA ,CA,Hyrenbach and Veit 2003
Rhinoceros Auklet,1993,16.99,Density Winter,Southern CA ,CA,Hyrenbach and Veit 2003
Rhinoceros Auklet,1993,5.38,Density Spring,Southern CA ,CA,Hyrenbach and Veit 2003
Rhinoceros Auklet,1993,0.23,Density Summer,Southern CA ,CA,Hyrenbach and Veit 2003
Rhinoceros Auklet,1993,0,Density Autumn,Southern CA ,CA,Hyrenbach and Veit 2003
Rhinoceros Auklet,1994,0,Density Winter,Southern CA ,CA,Hyrenbach and Veit 2003
Rhinoceros Auklet,1994,0,Density Spring,Southern CA ,CA,Hyrenbach and Veit 2003
Rhinoceros Auklet,1994,0,Density Summer,Southern CA ,CA,Hyrenbach and Veit 2003
Rhinoceros Auklet,1995,0.04,Density Autumn,Southern CA ,CA,Hyrenbach and Veit 2003
Rhinoceros Auklet,1995,0.26,Density Winter,Southern CA ,CA,Hyrenbach and Veit 2003
Rhinoceros Auklet,1995,0,Density Spring,Southern CA ,CA,Hyrenbach and Veit 2003
Rhinoceros Auklet,1995,0,Density Summer,Southern CA ,CA,Hyrenbach and Veit 2003
Rhinoceros Auklet,1996,4.57,Density Autumn,Southern CA ,CA,Hyrenbach and Veit 2003
Rhinoceros Auklet,1996,0,Density Winter,Southern CA ,CA,Hyrenbach and Veit 2003
Rhinoceros Auklet,1996,0,Density Spring,Southern CA ,CA,Hyrenbach and Veit 2003
Rhinoceros Auklet,1996,0,Density Summer,Southern CA ,CA,Hyrenbach and Veit 2003
Rhinoceros Auklet,1997,0.29,Density Autumn,Southern CA ,CA,Hyrenbach and Veit 2003
Rhinoceros Auklet,1997,0,Density Winter,Southern CA ,CA,Hyrenbach and Veit 2003
Rhinoceros Auklet,1997,0,Density Spring,Southern CA ,CA,Hyrenbach and Veit 2003
Rhinoceros Auklet,1998,0,Density Summer,Southern CA ,CA,Hyrenbach and Veit 2003
Rhinoceros Auklet,1998,0,Density Autumn,Southern CA ,CA,Hyrenbach and Veit 2003
Rhinoceros Auklet,1998,0,Density Winter,Southern CA ,CA,Hyrenbach and Veit 2003
Rhinoceros Auklet,1998,0,Density Spring,Southern CA ,CA,Hyrenbach and Veit 2003
Sooty Shearwater,1987,117.68,Density Spring,Southern CA ,CA,Hyrenbach and Veit 2003
Sooty Shearwater,1987,411.04,Density Summer,Southern CA ,CA,Hyrenbach and Veit 2003
Sooty Shearwater,1987,3.93,Density Autumn,Southern CA ,CA,Hyrenbach and Veit 2003
Sooty Shearwater,1988,0.07,Density Winter,Southern CA ,CA,Hyrenbach and Veit 2003
Sooty Shearwater,1988,470.7,Density Spring,Southern CA ,CA,Hyrenbach and Veit 2003
Sooty Shearwater,1988,30.28,Density Summer,Southern CA ,CA,Hyrenbach and Veit 2003
Sooty Shearwater,1988,4.76,Density Autumn,Southern CA ,CA,Hyrenbach and Veit 2003
Sooty Shearwater,1989,0.14,Density Winter,Southern CA ,CA,Hyrenbach and Veit 2003
Sooty Shearwater,1989,90.71,Density Spring,Southern CA ,CA,Hyrenbach and Veit 2003
Sooty Shearwater,1989,53.57,Density Summer,Southern CA ,CA,Hyrenbach and Veit 2003
Sooty Shearwater,1989,25.73,Density Autumn,Southern CA ,CA,Hyrenbach and Veit 2003
Sooty Shearwater,1990,0.99,Density Winter,Southern CA ,CA,Hyrenbach and Veit 2003
Sooty Shearwater,1990,91.55,Density Spring,Southern CA ,CA,Hyrenbach and Veit 2003
Sooty Shearwater,1990,74.54,Density Summer,Southern CA ,CA,Hyrenbach and Veit 2003
Sooty Shearwater,1990,1.8,Density Autumn,Southern CA ,CA,Hyrenbach and Veit 2003
Sooty Shearwater,1991,1.81,Density Winter,Southern CA ,CA,Hyrenbach and Veit 2003
Sooty Shearwater,1991,1.05,Density Spring,Southern CA ,CA,Hyrenbach and Veit 2003
Sooty Shearwater,1991,90.86,Density Summer,Southern CA ,CA,Hyrenbach and Veit 2003
Sooty Shearwater,1991,6.5,Density Autumn,Southern CA ,CA,Hyrenbach and Veit 2003
Sooty Shearwater,1992,0,Density Winter,Southern CA ,CA,Hyrenbach and Veit 2003
Sooty Shearwater,1992,2.67,Density Spring,Southern CA ,CA,Hyrenbach and Veit 2003
Sooty Shearwater,1992,70.02,Density Summer,Southern CA ,CA,Hyrenbach and Veit 2003
Sooty Shearwater,1992,8.89,Density Autumn,Southern CA ,CA,Hyrenbach and Veit 2003
Sooty Shearwater,1993,0.39,Density Winter,Southern CA ,CA,Hyrenbach and Veit 2003
Sooty Shearwater,1993,11.25,Density Spring,Southern CA ,CA,Hyrenbach and Veit 2003
Sooty Shearwater,1993,6.62,Density Summer,Southern CA ,CA,Hyrenbach and Veit 2003
Sooty Shearwater,1993,0,Density Autumn,Southern CA ,CA,Hyrenbach and Veit 2003
Sooty Shearwater,1994,0,Density Winter,Southern CA ,CA,Hyrenbach and Veit 2003
Sooty Shearwater,1994,3.57,Density Spring,Southern CA ,CA,Hyrenbach and Veit 2003
Sooty Shearwater,1994,0.5,Density Summer,Southern CA ,CA,Hyrenbach and Veit 2003
Sooty Shearwater,1995,0.52,Density Autumn,Southern CA ,CA,Hyrenbach and Veit 2003
Sooty Shearwater,1995,5.96,Density Winter,Southern CA ,CA,Hyrenbach and Veit 2003
Sooty Shearwater,1995,15.26,Density Spring,Southern CA ,CA,Hyrenbach and Veit 2003
Sooty Shearwater,1995,2.89,Density Summer,Southern CA ,CA,Hyrenbach and Veit 2003
Sooty Shearwater,1996,1.36,Density Autumn,Southern CA ,CA,Hyrenbach and Veit 2003
Sooty Shearwater,1996,29.24,Density Winter,Southern CA ,CA,Hyrenbach and Veit 2003
Sooty Shearwater,1996,81.12,Density Spring,Southern CA ,CA,Hyrenbach and Veit 2003
Sooty Shearwater,1996,24.63,Density Summer,Southern CA ,CA,Hyrenbach and Veit 2003
Sooty Shearwater,1997,2.21,Density Autumn,Southern CA ,CA,Hyrenbach and Veit 2003
Sooty Shearwater,1997,82.73,Density Winter,Southern CA ,CA,Hyrenbach and Veit 2003
Sooty Shearwater,1997,2.24,Density Spring,Southern CA ,CA,Hyrenbach and Veit 2003
Sooty Shearwater,1998,0.72,Density Summer,Southern CA ,CA,Hyrenbach and Veit 2003
Sooty Shearwater,1998,10.8,Density Autumn,Southern CA ,CA,Hyrenbach and Veit 2003
Sooty Shearwater,1998,82.79,Density Winter,Southern CA ,CA,Hyrenbach and Veit 2003
Sooty Shearwater,1998,10.82,Density Spring,Southern CA ,CA,Hyrenbach and Veit 2003
Steller Sea Lion,1990,1329,Total Counts,CA,CA,NOAA 2013
Steller Sea Lion,1991,1163,Total Counts,CA,CA,NOAA 2013
Steller Sea Lion,1992,969,Total Counts,CA,CA,NOAA 2013
Steller Sea Lion,1994,1046,Total Counts,CA,CA,NOAA 2013
Steller Sea Lion,1996,1369,Total Counts,CA,CA,NOAA 2013
Steller Sea Lion,1998,1277,Total Counts,CA,CA,NOAA 2013
Steller Sea Lion,2000,1215,Total Counts,CA,CA,NOAA 2013
Steller Sea Lion,2002,1096,Total Counts,CA,CA,NOAA 2013
Steller Sea Lion,2009,1236,Total Counts,CA,CA,NOAA 2013
Steller Sea Lion,2011,935,Total Counts,CA,CA,NOAA 2013
Steller Sea Lion,1990,2414,Total Counts,OR,OR,NOAA 2013
Steller Sea Lion,1992,3581,Total Counts,OR,OR,NOAA 2013
Steller Sea Lion,1993,3293,Total Counts,OR,OR,NOAA 2013
Steller Sea Lion,1994,3205,Total Counts,OR,OR,NOAA 2013
Steller Sea Lion,1995,3971,Total Counts,OR,OR,NOAA 2013
Steller Sea Lion,1996,2927,Total Counts,OR,OR,NOAA 2013
Steller Sea Lion,1997,4169,Total Counts,OR,OR,NOAA 2013
Steller Sea Lion,1998,4506,Total Counts,OR,OR,NOAA 2013
Steller Sea Lion,1999,4090,Total Counts,OR,OR,NOAA 2013
Steller Sea Lion,1990,892,Total Counts,WA,WA,NOAA 2013
Steller Sea Lion,1991,274,Total Counts,WA,WA,NOAA 2013
Steller Sea Lion,1992,278,Total Counts,WA,WA,NOAA 2013
Steller Sea Lion,1994,384,Total Counts,WA,WA,NOAA 2013
Steller Sea Lion,1996,595,Total Counts,WA,WA,NOAA 2013
Steller Sea Lion,1998,470,Total Counts,WA,WA,NOAA 2013
Steller Sea Lion,2000,681,Total Counts,WA,WA,NOAA 2013
Steller Sea Lion,2002,650,Total Counts,WA,WA,NOAA 2013
Steller Sea Lion,2006,714,Total Counts,WA,WA,NOAA 2013
Steller Sea Lion,2008,1198,Total Counts,WA,WA,NOAA 2013
Steller Sea Lion,2009,1343,Total Counts,WA,WA,NOAA 2013
Steller Sea Lion,2010,1421,Total Counts,WA,WA,NOAA 2013
Steller Sea Lion,2011,1749,Total Counts,WA,WA,NOAA 2013
Thresher Shark,1983,0.1094,CPUE,West Coast US,West Coast,NMFS unpublished
Thresher Shark,1984,0.0813,CPUE,West Coast US,West Coast,NMFS unpublished
Thresher Shark,1985,0.0682,CPUE,West Coast US,West Coast,NMFS unpublished
Thresher Shark,1986,0.0629,CPUE,West Coast US,West Coast,NMFS unpublished
Thresher Shark,1987,0.0594,CPUE,West Coast US,West Coast,NMFS unpublished
Thresher Shark,1988,0.0627,CPUE,West Coast US,West Coast,NMFS unpublished
Thresher Shark,1989,0.0718,CPUE,West Coast US,West Coast,NMFS unpublished
Thresher Shark,1990,0.0756,CPUE,West Coast US,West Coast,NMFS unpublished
Thresher Shark,1991,0.0732,CPUE,West Coast US,West Coast,NMFS unpublished
Thresher Shark,1992,0.0774,CPUE,West Coast US,West Coast,NMFS unpublished
Thresher Shark,1993,0.0764,CPUE,West Coast US,West Coast,NMFS unpublished
Thresher Shark,1994,0.0807,CPUE,West Coast US,West Coast,NMFS unpublished
Thresher Shark,1995,0.0845,CPUE,West Coast US,West Coast,NMFS unpublished
Thresher Shark,1996,0.0951,CPUE,West Coast US,West Coast,NMFS unpublished
Thresher Shark,1997,0.1003,CPUE,West Coast US,West Coast,NMFS unpublished
Thresher Shark,1998,0.1089,CPUE,West Coast US,West Coast,NMFS unpublished
Thresher Shark,1999,0.1335,CPUE,West Coast US,West Coast,NMFS unpublished
Thresher Shark,2000,0.1445,CPUE,West Coast US,West Coast,NMFS unpublished
Thresher Shark,2001,0.1474,CPUE,West Coast US,West Coast,NMFS unpublished
Thresher Shark,2002,0.1473,CPUE,West Coast US,West Coast,NMFS unpublished
Thresher Shark,2003,0.1743,CPUE,West Coast US,West Coast,NMFS unpublished
Thresher Shark,2004,0.1501,CPUE,West Coast US,West Coast,NMFS unpublished
Thresher Shark,2005,0.1766,CPUE,West Coast US,West Coast,NMFS unpublished
Thresher Shark,2006,0.176,CPUE,West Coast US,West Coast,NMFS unpublished
Xantus Murrel,1987,1.4539,Density Spring,Southern CA ,CA,Hyrenbach and Veit 2003
Xantus Murrel,1987,0.1022,Density Summer,Southern CA ,CA,Hyrenbach and Veit 2003
Xantus Murrel,1987,0.2411,Density Autumn,Southern CA ,CA,Hyrenbach and Veit 2003
Xantus Murrel,1988,0,Density Winter,Southern CA ,CA,Hyrenbach and Veit 2003
Xantus Murrel,1988,0.0839,Density Spring,Southern CA ,CA,Hyrenbach and Veit 2003
Xantus Murrel,1988,0.1581,Density Summer,Southern CA ,CA,Hyrenbach and Veit 2003
Xantus Murrel,1988,0.0378,Density Autumn,Southern CA ,CA,Hyrenbach and Veit 2003
Xantus Murrel,1989,0.0656,Density Winter,Southern CA ,CA,Hyrenbach and Veit 2003
Xantus Murrel,1989,0,Density Spring,Southern CA ,CA,Hyrenbach and Veit 2003
Xantus Murrel,1989,0.4083,Density Summer,Southern CA ,CA,Hyrenbach and Veit 2003
Xantus Murrel,1989,0.1122,Density Autumn,Southern CA ,CA,Hyrenbach and Veit 2003
Xantus Murrel,1990,0,Density Winter,Southern CA ,CA,Hyrenbach and Veit 2003
Xantus Murrel,1990,0.955,Density Spring,Southern CA ,CA,Hyrenbach and Veit 2003
Xantus Murrel,1990,0.9828,Density Summer,Southern CA ,CA,Hyrenbach and Veit 2003
Xantus Murrel,1990,0.3441,Density Autumn,Southern CA ,CA,Hyrenbach and Veit 2003
Xantus Murrel,1991,0.2793,Density Winter,Southern CA ,CA,Hyrenbach and Veit 2003
Xantus Murrel,1991,0.5665,Density Spring,Southern CA ,CA,Hyrenbach and Veit 2003
Xantus Murrel,1991,0.6221,Density Summer,Southern CA ,CA,Hyrenbach and Veit 2003
Xantus Murrel,1991,0.4555,Density Autumn,Southern CA ,CA,Hyrenbach and Veit 2003
Xantus Murrel,1992,0.5668,Density Winter,Southern CA ,CA,Hyrenbach and Veit 2003
Xantus Murrel,1992,1.1411,Density Spring,Southern CA ,CA,Hyrenbach and Veit 2003
Xantus Murrel,1992,0.1595,Density Summer,Southern CA ,CA,Hyrenbach and Veit 2003
Xantus Murrel,1992,0,Density Autumn,Southern CA ,CA,Hyrenbach and Veit 2003
Xantus Murrel,1993,0.2153,Density Winter,Southern CA ,CA,Hyrenbach and Veit 2003
Xantus Murrel,1993,0.5857,Density Spring,Southern CA ,CA,Hyrenbach and Veit 2003
Xantus Murrel,1993,0.0489,Density Summer,Southern CA ,CA,Hyrenbach and Veit 2003
Xantus Murrel,1993,0,Density Autumn,Southern CA ,CA,Hyrenbach and Veit 2003
Xantus Murrel,1994,0.0676,Density Winter,Southern CA ,CA,Hyrenbach and Veit 2003
Xantus Murrel,1994,0,Density Spring,Southern CA ,CA,Hyrenbach and Veit 2003
Xantus Murrel,1994,0.003045,Density Summer,Southern CA ,CA,Hyrenbach and Veit 2003
Xantus Murrel,1995,0.0031344,Density Autumn,Southern CA ,CA,Hyrenbach and Veit 2003
Xantus Murrel,1995,0.0032238,Density Winter,Southern CA ,CA,Hyrenbach and Veit 2003
Xantus Murrel,1995,0.3737,Density Spring,Southern CA ,CA,Hyrenbach and Veit 2003
Xantus Murrel,1995,0.2349,Density Summer,Southern CA ,CA,Hyrenbach and Veit 2003
Xantus Murrel,1996,0.0035119,Density Autumn,Southern CA ,CA,Hyrenbach and Veit 2003
Xantus Murrel,1996,2.0406,Density Winter,Southern CA ,CA,Hyrenbach and Veit 2003
Xantus Murrel,1996,0.1703,Density Spring,Southern CA ,CA,Hyrenbach and Veit 2003
Xantus Murrel,1996,0.0038001,Density Summer,Southern CA ,CA,Hyrenbach and Veit 2003
Xantus Murrel,1997,0.7354,Density Autumn,Southern CA ,CA,Hyrenbach and Veit 2003
Xantus Murrel,1997,0.2078,Density Winter,Southern CA ,CA,Hyrenbach and Veit 2003
Xantus Murrel,1997,0.0041577,Density Spring,Southern CA ,CA,Hyrenbach and Veit 2003
Xantus Murrel,1998,1.2173,Density Summer,Southern CA ,CA,Hyrenbach and Veit 2003
Xantus Murrel,1998,0.0043763,Density Autumn,Southern CA ,CA,Hyrenbach and Veit 2003
Xantus Murrel,1998,0.1434,Density Winter,Southern CA ,CA,Hyrenbach and Veit 2003
Xantus Murrel,1998,0.0045352,Density Spring,Southern CA ,CA,Hyrenbach and Veit 2003
Pacific white-sided dolphin,1993,25825,Weigthed average abundance,CA_OR_WA,CA_OR_WA,NOAA 2000
Pacific white-sided dolphin,1998,59274,Weigthed average abundance,CA_OR_WA,CA_OR_WA,NOAA 2003
Pacific white-sided dolphin,2003,20719,Geometric mean abundance,CA_OR_WA,CA_OR_WA,NOAA 2008
Pacific white-sided dolphin,2007,26930,Geometric mean abundance,CA_OR_WA,CA_OR_WA,NOAA 2013
Short-beaked common dolphin,1993,373573,Weigthed average abundance,CA_OR_WA,CA_OR_WA,NOAA 2000
Short-beaked common dolphin,1998,449846,Weigthed average abundance,CA_OR_WA,CA_OR_WA,NOAA 2003
Short-beaked common dolphin,2003,392733,Geometric mean abundance,CA_OR_WA,CA_OR_WA,NOAA 2008
Short-beaked common dolphin,2007,411211,Geometric mean abundance,CA_OR_WA,CA_OR_WA,NOAA 2011
Long-beaked common dolphin,1993,43360,Weigthed average abundance,CA_OR_WA,CA_OR_WA,NOAA 2003
Long-beaked common dolphin,2001,20076,Estimated abundance,CA_OR_WA,CA_OR_WA,NOAA 2008
Long-beaked common dolphin,2005,11714,Estimated abundance,CA_OR_WA,CA_OR_WA,NOAA 2010
Long-beaked common dolphin,2008,62447,Estimated abundance,CA_OR_WA,CA_OR_WA,NOAA 2012
Long-beaked common dolphin,2009,183396,Estimated abundance,CA_OR_WA,CA_OR_WA,NOAA 2012
Dalls porpoise,1993,116016,Weigthed average abundance,CA_OR_WA,CA_OR_WA,NOAA 2000
Dalls porpoise,1998,98617,Weigthed average abundance,CA_OR_WA,CA_OR_WA,NOAA 2003
Dalls porpoise,2003,48376,Geometric mean abundance,CA_OR_WA,CA_OR_WA,NOAA 2008
Dalls porpoise,2007,42000,Geometric mean abundance,CA_OR_WA,CA_OR_WA,NOAA 2010
Harbor porpoise,2011,3715,Estimated abundance,MonterreyBay,CA,NOAA 2013
Harbor porpoise,2004,1492,Estimated abundance,MonterreyBay,CA,NOAA 2009
Harbor porpoise,2001,1613,Estimated abundance,MonterreyBay,CA,NOAA 2005
Harbor porpoise,1998,1603,Estimated abundance,MonterreyBay,CA,NOAA 2003
Pacific bonito,1993,1.88,CPUE_tons_trip,Southern CA ,CA,Mandy2008
Pacific bonito,1994,5.09,CPUE_tons_trip,Southern CA ,CA,Mandy2008
Pacific bonito,1995,1.76,CPUE_tons_trip,Southern CA ,CA,Mandy2008
Pacific bonito,1996,6.47,CPUE_tons_trip,Southern CA ,CA,Mandy2008
Pacific bonito,1997,1.39,CPUE_tons_trip,Southern CA ,CA,Mandy2008
Pacific bonito,1998,3.33,CPUE_tons_trip,Southern CA ,CA,Mandy2008
Pacific bonito,1999,2.4,CPUE_tons_trip,Southern CA ,CA,Mandy2008
Pacific bonito,2000,1.01,CPUE_tons_trip,Southern CA ,CA,Mandy2008
Pacific bonito,2001,0.29,CPUE_tons_trip,Southern CA ,CA,Mandy2008
Pacific bonito,2002,0.99,CPUE_tons_trip,Southern CA ,CA,Mandy2008
Pacific bonito,2003,0.08,CPUE_tons_trip,Southern CA ,CA,Mandy2008
Pacific bonito,2004,5.6,CPUE_tons_trip,Southern CA ,CA,Mandy2008
Pacific bonito,2005,0.44,CPUE_tons_trip,Southern CA ,CA,Mandy2008
Pacific bonito,2006,14.03,CPUE_tons_trip,Southern CA ,CA,Mandy2008
Pacific bonito,2007,5.45,CPUE_tons_trip,Southern CA ,CA,Mandy2008
Pacific bonito,2008,5.86,CPUE_tons_trip,Southern CA ,CA,Mandy2008
Black-legged kittiwake,1977,279130,Estimated abundance,Pribilof Islands,AK,Jahnckeetal2008
Black-legged kittiwake,1987,150510,Estimated abundance,Pribilof Islands,AK,Jahnckeetal2008
Black-legged kittiwake,1996,148510,Estimated abundance,Pribilof Islands,AK,Jahnckeetal2008
Black-legged kittiwake,2001,132220,Estimated abundance,Pribilof Islands,AK,Jahnckeetal2008
Black-vented shearwater,1987,0.4308,Density Spring,Southern CA ,CA,Hyrenbach and Veit 2003
Black-vented shearwater,1987,0.4308,Density Summer,Southern CA ,CA,Hyrenbach and Veit 2003
Black-vented shearwater,1987,19.0974,Density Autumn,Southern CA ,CA,Hyrenbach and Veit 2003
Black-vented shearwater,1988,9.6205,Density Winter,Southern CA ,CA,Hyrenbach and Veit 2003
Black-vented shearwater,1988,0.1436,Density Spring,Southern CA ,CA,Hyrenbach and Veit 2003
Black-vented shearwater,1988,0,Density Summer,Southern CA ,CA,Hyrenbach and Veit 2003
Black-vented shearwater,1988,0.7179,Density Autumn,Southern CA ,CA,Hyrenbach and Veit 2003
Black-vented shearwater,1989,0.1436,Density Winter,Southern CA ,CA,Hyrenbach and Veit 2003
Black-vented shearwater,1989,0.4308,Density Spring,Southern CA ,CA,Hyrenbach and Veit 2003
Black-vented shearwater,1989,0.4308,Density Summer,Southern CA ,CA,Hyrenbach and Veit 2003
Black-vented shearwater,1989,30.2974,Density Autumn,Southern CA ,CA,Hyrenbach and Veit 2003
Black-vented shearwater,1990,1.0051,Density Winter,Southern CA ,CA,Hyrenbach and Veit 2003
Black-vented shearwater,1990,4.1641,Density Spring,Southern CA ,CA,Hyrenbach and Veit 2003
Black-vented shearwater,1990,1.5795,Density Summer,Southern CA ,CA,Hyrenbach and Veit 2003
Black-vented shearwater,1990,102.3795,Density Autumn,Southern CA ,CA,Hyrenbach and Veit 2003
Black-vented shearwater,1991,7.3231,Density Winter,Southern CA ,CA,Hyrenbach and Veit 2003
Black-vented shearwater,1991,7.3231,Density Spring,Southern CA ,CA,Hyrenbach and Veit 2003
Black-vented shearwater,1991,0.4308,Density Summer,Southern CA ,CA,Hyrenbach and Veit 2003
Black-vented shearwater,1991,8.4718,Density Autumn,Southern CA ,CA,Hyrenbach and Veit 2003
Black-vented shearwater,1992,2.1538,Density Winter,Southern CA ,CA,Hyrenbach and Veit 2003
Black-vented shearwater,1992,16.5128,Density Spring,Southern CA ,CA,Hyrenbach and Veit 2003
Black-vented shearwater,1992,3.5897,Density Summer,Southern CA ,CA,Hyrenbach and Veit 2003
Black-vented shearwater,1992,19.0974,Density Autumn,Southern CA ,CA,Hyrenbach and Veit 2003
Black-vented shearwater,1993,121.3333,Density Winter,Southern CA ,CA,Hyrenbach and Veit 2003
Black-vented shearwater,1993,3.0154,Density Spring,Southern CA ,CA,Hyrenbach and Veit 2003
Black-vented shearwater,1993,1.0051,Density Summer,Southern CA ,CA,Hyrenbach and Veit 2003
Black-vented shearwater,1993,2.7282,Density Autumn,Southern CA ,CA,Hyrenbach and Veit 2003
Black-vented shearwater,1994,19.3846,Density Winter,Southern CA ,CA,Hyrenbach and Veit 2003
Black-vented shearwater,1994,0.4308,Density Spring,Southern CA ,CA,Hyrenbach and Veit 2003
Black-vented shearwater,1994,0.7179,Density Summer,Southern CA ,CA,Hyrenbach and Veit 2003
Black-vented shearwater,1995,1.2923,Density Autumn,Southern CA ,CA,Hyrenbach and Veit 2003
Black-vented shearwater,1995,1.0051,Density Winter,Southern CA ,CA,Hyrenbach and Veit 2003
Black-vented shearwater,1995,0.4308,Density Spring,Southern CA ,CA,Hyrenbach and Veit 2003
Black-vented shearwater,1995,2.1538,Density Summer,Southern CA ,CA,Hyrenbach and Veit 2003
Black-vented shearwater,1996,7.6103,Density Autumn,Southern CA ,CA,Hyrenbach and Veit 2003
Black-vented shearwater,1996,0.7179,Density Winter,Southern CA ,CA,Hyrenbach and Veit 2003
Black-vented shearwater,1996,1.8667,Density Spring,Southern CA ,CA,Hyrenbach and Veit 2003
Black-vented shearwater,1996,17.3744,Density Summer,Southern CA ,CA,Hyrenbach and Veit 2003
Black-vented shearwater,1997,0.7179,Density Autumn,Southern CA ,CA,Hyrenbach and Veit 2003
Black-vented shearwater,1997,2.1538,Density Winter,Southern CA ,CA,Hyrenbach and Veit 2003
Black-vented shearwater,1997,67.6308,Density Spring,Southern CA ,CA,Hyrenbach and Veit 2003
Black-vented shearwater,1998,11.6308,Density Summer,Southern CA ,CA,Hyrenbach and Veit 2003
Black-vented shearwater,1998,1.8667,Density Autumn,Southern CA ,CA,Hyrenbach and Veit 2003
Black-vented shearwater,1998,0.1436,Density Winter,Southern CA ,CA,Hyrenbach and Veit 2003
Black-vented shearwater,1998,11.6308,Density Spring,Southern CA ,CA,Hyrenbach and Veit 2003
Cutthroat trout,1965,7.16,Index of abundance,Wilson and Tasks Rivers,OR,ORNativeFishStatusReport_Vol_II
Cutthroat trout,1966,7.35,Index of abundance,Wilson and Tasks Rivers,OR,ORNativeFishStatusReport_Vol_II
Cutthroat trout,1967,5.76,Index of abundance,Wilson and Tasks Rivers,OR,ORNativeFishStatusReport_Vol_II
Cutthroat trout,1968,9.34,Index of abundance,Wilson and Tasks Rivers,OR,ORNativeFishStatusReport_Vol_II
Cutthroat trout,1970,6.01,Index of abundance,Wilson and Tasks Rivers,OR,ORNativeFishStatusReport_Vol_II
Cutthroat trout,1971,13.17,Index of abundance,Wilson and Tasks Rivers,OR,ORNativeFishStatusReport_Vol_II
Cutthroat trout,1972,13.17,Index of abundance,Wilson and Tasks Rivers,OR,ORNativeFishStatusReport_Vol_II
Cutthroat trout,1973,8.48,Index of abundance,Wilson and Tasks Rivers,OR,ORNativeFishStatusReport_Vol_II
Cutthroat trout,1974,6.49,Index of abundance,Wilson and Tasks Rivers,OR,ORNativeFishStatusReport_Vol_II
Cutthroat trout,1975,2.05,Index of abundance,Wilson and Tasks Rivers,OR,ORNativeFishStatusReport_Vol_II
Cutthroat trout,1976,4.39,Index of abundance,Wilson and Tasks Rivers,OR,ORNativeFishStatusReport_Vol_II
Cutthroat trout,1979,4.36,Index of abundance,Wilson and Tasks Rivers,OR,ORNativeFishStatusReport_Vol_II
Cutthroat trout,1980,5.82,Index of abundance,Wilson and Tasks Rivers,OR,ORNativeFishStatusReport_Vol_II
Cutthroat trout,1981,5.97,Index of abundance,Wilson and Tasks Rivers,OR,ORNativeFishStatusReport_Vol_II
Cutthroat trout,1982,1.89,Index of abundance,Wilson and Tasks Rivers,OR,ORNativeFishStatusReport_Vol_II
Cutthroat trout,1983,1.03,Index of abundance,Wilson and Tasks Rivers,OR,ORNativeFishStatusReport_Vol_II
Cutthroat trout,1984,1.09,Index of abundance,Wilson and Tasks Rivers,OR,ORNativeFishStatusReport_Vol_II
Cutthroat trout,1985,5.97,Index of abundance,Wilson and Tasks Rivers,OR,ORNativeFishStatusReport_Vol_II
Cutthroat trout,1986,4.04,Index of abundance,Wilson and Tasks Rivers,OR,ORNativeFishStatusReport_Vol_II
Cutthroat trout,1987,3.21,Index of abundance,Wilson and Tasks Rivers,OR,ORNativeFishStatusReport_Vol_II
Cutthroat trout,1988,1.37,Index of abundance,Wilson and Tasks Rivers,OR,ORNativeFishStatusReport_Vol_II
Cutthroat trout,1989,3.65,Index of abundance,Wilson and Tasks Rivers,OR,ORNativeFishStatusReport_Vol_II
Cutthroat trout,1990,3.02,Index of abundance,Wilson and Tasks Rivers,OR,ORNativeFishStatusReport_Vol_II
Cutthroat trout,1991,4.79,Index of abundance,Wilson and Tasks Rivers,OR,ORNativeFishStatusReport_Vol_II
Cutthroat trout,1992,3.68,Index of abundance,Wilson and Tasks Rivers,OR,ORNativeFishStatusReport_Vol_II
Cutthroat trout,1993,2.04,Index of abundance,Wilson and Tasks Rivers,OR,ORNativeFishStatusReport_Vol_II
Cutthroat trout,1994,2.1,Index of abundance,Wilson and Tasks Rivers,OR,ORNativeFishStatusReport_Vol_II
Cutthroat trout,1995,3.14,Index of abundance,Wilson and Tasks Rivers,OR,ORNativeFishStatusReport_Vol_II
Cutthroat trout,1996,2.6,Index of abundance,Wilson and Tasks Rivers,OR,ORNativeFishStatusReport_Vol_II
Cutthroat trout,1997,2.79,Index of abundance,Wilson and Tasks Rivers,OR,ORNativeFishStatusReport_Vol_II
Cutthroat trout,1998,3.71,Index of abundance,Wilson and Tasks Rivers,OR,ORNativeFishStatusReport_Vol_II
Cutthroat trout,1999,10.23,Index of abundance,Wilson and Tasks Rivers,OR,ORNativeFishStatusReport_Vol_II
Cutthroat trout,2000,4.75,Index of abundance,Wilson and Tasks Rivers,OR,ORNativeFishStatusReport_Vol_II
Cutthroat trout,2001,10.04,Index of abundance,Wilson and Tasks Rivers,OR,ORNativeFishStatusReport_Vol_II
Cutthroat trout,2002,10.01,Index of abundance,Wilson and Tasks Rivers,OR,ORNativeFishStatusReport_Vol_II
Cutthroat trout,2003,13.15,Index of abundance,Wilson and Tasks Rivers,OR,ORNativeFishStatusReport_Vol_II
Cutthroat trout,1965,11.95,Index of abundance,Nestucca River,OR,ORNativeFishStatusReport_Vol_II
Cutthroat trout,1966,1.07,Index of abundance,Nestucca River,OR,ORNativeFishStatusReport_Vol_II
Cutthroat trout,1967,3.98,Index of abundance,Nestucca River,OR,ORNativeFishStatusReport_Vol_II
Cutthroat trout,1968,1.07,Index of abundance,Nestucca River,OR,ORNativeFishStatusReport_Vol_II
Cutthroat trout,1969,2.97,Index of abundance,Nestucca River,OR,ORNativeFishStatusReport_Vol_II
Cutthroat trout,1970,1.07,Index of abundance,Nestucca River,OR,ORNativeFishStatusReport_Vol_II
Cutthroat trout,1971,1.99,Index of abundance,Nestucca River,OR,ORNativeFishStatusReport_Vol_II
Cutthroat trout,1972,1.07,Index of abundance,Nestucca River,OR,ORNativeFishStatusReport_Vol_II
Cutthroat trout,1973,2.02,Index of abundance,Nestucca River,OR,ORNativeFishStatusReport_Vol_II
Cutthroat trout,1974,2.02,Index of abundance,Nestucca River,OR,ORNativeFishStatusReport_Vol_II
Cutthroat trout,1979,2.99,Index of abundance,Nestucca River,OR,ORNativeFishStatusReport_Vol_II
Cutthroat trout,1980,2.99,Index of abundance,Nestucca River,OR,ORNativeFishStatusReport_Vol_II
Cutthroat trout,1982,1.06,Index of abundance,Nestucca River,OR,ORNativeFishStatusReport_Vol_II
Cutthroat trout,1984,1.06,Index of abundance,Nestucca River,OR,ORNativeFishStatusReport_Vol_II
Cutthroat trout,1985,2.01,Index of abundance,Nestucca River,OR,ORNativeFishStatusReport_Vol_II
Cutthroat trout,1986,4.98,Index of abundance,Nestucca River,OR,ORNativeFishStatusReport_Vol_II
Cutthroat trout,1988,1.06,Index of abundance,Nestucca River,OR,ORNativeFishStatusReport_Vol_II
Cutthroat trout,1989,2,Index of abundance,Nestucca River,OR,ORNativeFishStatusReport_Vol_II
Cutthroat trout,1990,2,Index of abundance,Nestucca River,OR,ORNativeFishStatusReport_Vol_II
Cutthroat trout,1991,5.04,Index of abundance,Nestucca River,OR,ORNativeFishStatusReport_Vol_II
Cutthroat trout,1992,1.05,Index of abundance,Nestucca River,OR,ORNativeFishStatusReport_Vol_II
Cutthroat trout,1993,1.02,Index of abundance,Nestucca River,OR,ORNativeFishStatusReport_Vol_II
Cutthroat trout,1994,0.07,Index of abundance,Nestucca River,OR,ORNativeFishStatusReport_Vol_II
Cutthroat trout,1995,1.21,Index of abundance,Nestucca River,OR,ORNativeFishStatusReport_Vol_II
Cutthroat trout,1996,3.33,Index of abundance,Nestucca River,OR,ORNativeFishStatusReport_Vol_II
Cutthroat trout,1997,1.55,Index of abundance,Nestucca River,OR,ORNativeFishStatusReport_Vol_II
Cutthroat trout,1998,2.53,Index of abundance,Nestucca River,OR,ORNativeFishStatusReport_Vol_II
Cutthroat trout,1999,2.91,Index of abundance,Nestucca River,OR,ORNativeFishStatusReport_Vol_II
Cutthroat trout,2000,8.44,Index of abundance,Nestucca River,OR,ORNativeFishStatusReport_Vol_II
Cutthroat trout,2001,3.16,Index of abundance,Nestucca River,OR,ORNativeFishStatusReport_Vol_II
Cutthroat trout,2002,9.29,Index of abundance,Nestucca River,OR,ORNativeFishStatusReport_Vol_II
Cutthroat trout,2003,9.67,Index of abundance,Nestucca River,OR,ORNativeFishStatusReport_Vol_II
Cutthroat trout,2004,13.62,Index of abundance,Nestucca River,OR,ORNativeFishStatusReport_Vol_II
Northern fur seal,1992,218712,Pups,Eastern pacific,AK,NOAA 2013
Northern fur seal,1994,228711,Pups,Eastern pacific,AK,NOAA 2013
Northern fur seal,1996,211673,Pups,Eastern pacific,AK,NOAA 2013
Northern fur seal,1998,219226,Pups,Eastern pacific,AK,NOAA 2013
Northern fur seal,2000,196899,Pups,Eastern pacific,AK,NOAA 2013
Northern fur seal,2002,176667,Pups,Eastern pacific,AK,NOAA 2013
Northern fur seal,2004,153059,Pups,Eastern pacific,AK,NOAA 2013
Northern fur seal,2005,160594,Pups,Eastern pacific,AK,NOAA 2013
Northern fur seal,2006,147900,Pups,Eastern pacific,AK,NOAA 2013
Northern fur seal,2007,152867,Pups,Eastern pacific,AK,NOAA 2013
Northern fur seal,2008,145149,Pups,Eastern pacific,AK,NOAA 2013
Northern fur seal,2010,136790,Pups,Eastern pacific,AK,NOAA 2013
Northern fur seal,2011,142121,Pups,Eastern pacific,AK,NOAA 2013
Northern fur seal,1972,223,Pups,San Miguel Is,CA,NOAA 2013
Northern fur seal,1973,358,Pups,San Miguel Is,CA,NOAA 2013
Northern fur seal,1974,598,Pups,San Miguel Is,CA,NOAA 2013
Northern fur seal,1975,797,Pups,San Miguel Is,CA,NOAA 2013
Northern fur seal,1976,1060,Pups,San Miguel Is,CA,NOAA 2013
Northern fur seal,1977,1140,Pups,San Miguel Is,CA,NOAA 2013
Northern fur seal,1978,1292,Pups,San Miguel Is,CA,NOAA 2013
Northern fur seal,1979,1642,Pups,San Miguel Is,CA,NOAA 2013
Northern fur seal,1980,1659,Pups,San Miguel Is,CA,NOAA 2013
Northern fur seal,1981,1977,Pups,San Miguel Is,CA,NOAA 2013
Northern fur seal,1982,1834,Pups,San Miguel Is,CA,NOAA 2013
Northern fur seal,1983,791,Pups,San Miguel Is,CA,NOAA 2013
Northern fur seal,1984,990,Pups,San Miguel Is,CA,NOAA 2013
Northern fur seal,1985,831,Pups,San Miguel Is,CA,NOAA 2013
Northern fur seal,1986,1381,Pups,San Miguel Is,CA,NOAA 2013
Northern fur seal,1987,1222,Pups,San Miguel Is,CA,NOAA 2013
Northern fur seal,1988,1222,Pups,San Miguel Is,CA,NOAA 2013
Northern fur seal,1989,1397,Pups,San Miguel Is,CA,NOAA 2013
Northern fur seal,1990,1756,Pups,San Miguel Is,CA,NOAA 2013
Northern fur seal,1991,1653,Pups,San Miguel Is,CA,NOAA 2013
Northern fur seal,1992,1868,Pups,San Miguel Is,CA,NOAA 2013
Northern fur seal,1993,2195,Pups,San Miguel Is,CA,NOAA 2013
Northern fur seal,1994,2506,Pups,San Miguel Is,CA,NOAA 2013
Northern fur seal,1995,2562,Pups,San Miguel Is,CA,NOAA 2013
Northern fur seal,1997,3224,Pups,San Miguel Is,CA,NOAA 2013
Northern fur seal,1998,698,Pups,San Miguel Is,CA,NOAA 2013
Northern fur seal,1999,1144,Pups,San Miguel Is,CA,NOAA 2013
Northern fur seal,2000,1687,Pups,San Miguel Is,CA,NOAA 2013
Northern fur seal,2001,2077,Pups,San Miguel Is,CA,NOAA 2013
Northern fur seal,2002,1990,Pups,San Miguel Is,CA,NOAA 2013
Northern fur seal,2004,2261,Pups,San Miguel Is,CA,NOAA 2013
Northern fur seal,2005,2460,Pups,San Miguel Is,CA,NOAA 2013
Northern fur seal,2006,2413,Pups,San Miguel Is,CA,NOAA 2013
Northern fur seal,2006,2501,Pups,San Miguel Is,CA,NOAA 2013
Northern fur seal,2008,2820,Pups,San Miguel Is,CA,NOAA 2013
Northern fur seal,2008,2891,Pups,San Miguel Is,CA,NOAA 2013
Northern fur seal,2010,3585,Pups,San Miguel Is,CA,NOAA 2013
Northern fur seal,2011,3107,Pups,San Miguel Is,CA,NOAA 2013
Bluefin tuna,1952,118930,Total biomass,Pacific stock,,StockAssessment_of_PaicifcBluefinTuna2014
Bluefin tuna,1953,124480,Total biomass,Pacific stock,,StockAssessment_of_PaicifcBluefinTuna2014
Bluefin tuna,1954,134100,Total biomass,Pacific stock,,StockAssessment_of_PaicifcBluefinTuna2014
Bluefin tuna,1955,144820,Total biomass,Pacific stock,,StockAssessment_of_PaicifcBluefinTuna2014
Bluefin tuna,1956,162920,Total biomass,Pacific stock,,StockAssessment_of_PaicifcBluefinTuna2014
Bluefin tuna,1957,176600,Total biomass,Pacific stock,,StockAssessment_of_PaicifcBluefinTuna2014
Bluefin tuna,1958,186580,Total biomass,Pacific stock,,StockAssessment_of_PaicifcBluefinTuna2014
Bluefin tuna,1959,188440,Total biomass,Pacific stock,,StockAssessment_of_PaicifcBluefinTuna2014
Bluefin tuna,1960,186980,Total biomass,Pacific stock,,StockAssessment_of_PaicifcBluefinTuna2014
Bluefin tuna,1961,178500,Total biomass,Pacific stock,,StockAssessment_of_PaicifcBluefinTuna2014
Bluefin tuna,1962,163370,Total biomass,Pacific stock,,StockAssessment_of_PaicifcBluefinTuna2014
Bluefin tuna,1963,148240,Total biomass,Pacific stock,,StockAssessment_of_PaicifcBluefinTuna2014
Bluefin tuna,1964,133850,Total biomass,Pacific stock,,StockAssessment_of_PaicifcBluefinTuna2014
Bluefin tuna,1965,126850,Total biomass,Pacific stock,,StockAssessment_of_PaicifcBluefinTuna2014
Bluefin tuna,1966,114300,Total biomass,Pacific stock,,StockAssessment_of_PaicifcBluefinTuna2014
Bluefin tuna,1967,94374.9921,Total biomass,Pacific stock,,StockAssessment_of_PaicifcBluefinTuna2014
Bluefin tuna,1968,81462.9659,Total biomass,Pacific stock,,StockAssessment_of_PaicifcBluefinTuna2014
Bluefin tuna,1969,69289.0059,Total biomass,Pacific stock,,StockAssessment_of_PaicifcBluefinTuna2014
Bluefin tuna,1970,61916.123,Total biomass,Pacific stock,,StockAssessment_of_PaicifcBluefinTuna2014
Bluefin tuna,1971,57496.9636,Total biomass,Pacific stock,,StockAssessment_of_PaicifcBluefinTuna2014
Bluefin tuna,1972,57878.3951,Total biomass,Pacific stock,,StockAssessment_of_PaicifcBluefinTuna2014
Bluefin tuna,1973,59367.6552,Total biomass,Pacific stock,,StockAssessment_of_PaicifcBluefinTuna2014
Bluefin tuna,1974,64549.6775,Total biomass,Pacific stock,,StockAssessment_of_PaicifcBluefinTuna2014
Bluefin tuna,1975,69362.4236,Total biomass,Pacific stock,,StockAssessment_of_PaicifcBluefinTuna2014
Bluefin tuna,1976,76760.5894,Total biomass,Pacific stock,,StockAssessment_of_PaicifcBluefinTuna2014
Bluefin tuna,1977,79727.4405,Total biomass,Pacific stock,,StockAssessment_of_PaicifcBluefinTuna2014
Bluefin tuna,1978,85278.7391,Total biomass,Pacific stock,,StockAssessment_of_PaicifcBluefinTuna2014
Bluefin tuna,1979,81967.4083,Total biomass,Pacific stock,,StockAssessment_of_PaicifcBluefinTuna2014
Bluefin tuna,1980,77917.5252,Total biomass,Pacific stock,,StockAssessment_of_PaicifcBluefinTuna2014
Bluefin tuna,1981,75345.7194,Total biomass,Pacific stock,,StockAssessment_of_PaicifcBluefinTuna2014
Bluefin tuna,1982,59478.511,Total biomass,Pacific stock,,StockAssessment_of_PaicifcBluefinTuna2014
Bluefin tuna,1983,42872.7502,Total biomass,Pacific stock,,StockAssessment_of_PaicifcBluefinTuna2014
Bluefin tuna,1984,43993.7065,Total biomass,Pacific stock,,StockAssessment_of_PaicifcBluefinTuna2014
Bluefin tuna,1985,46591.2814,Total biomass,Pacific stock,,StockAssessment_of_PaicifcBluefinTuna2014
Bluefin tuna,1986,45864.8843,Total biomass,Pacific stock,,StockAssessment_of_PaicifcBluefinTuna2014
Bluefin tuna,1987,42552.5811,Total biomass,Pacific stock,,StockAssessment_of_PaicifcBluefinTuna2014
Bluefin tuna,1988,45520.4048,Total biomass,Pacific stock,,StockAssessment_of_PaicifcBluefinTuna2014
Bluefin tuna,1989,51071.2171,Total biomass,Pacific stock,,StockAssessment_of_PaicifcBluefinTuna2014
Bluefin tuna,1990,62161.6589,Total biomass,Pacific stock,,StockAssessment_of_PaicifcBluefinTuna2014
Bluefin tuna,1991,80637.625,Total biomass,Pacific stock,,StockAssessment_of_PaicifcBluefinTuna2014
Bluefin tuna,1992,87297.2384,Total biomass,Pacific stock,,StockAssessment_of_PaicifcBluefinTuna2014
Bluefin tuna,1993,97280.8239,Total biomass,Pacific stock,,StockAssessment_of_PaicifcBluefinTuna2014
Bluefin tuna,1994,1.08E+005,Total biomass,Pacific stock,,StockAssessment_of_PaicifcBluefinTuna2014
Bluefin tuna,1995,1.20E+005,Total biomass,Pacific stock,,StockAssessment_of_PaicifcBluefinTuna2014
Bluefin tuna,1996,1.16E+005,Total biomass,Pacific stock,,StockAssessment_of_PaicifcBluefinTuna2014
Bluefin tuna,1997,1.13E+005,Total biomass,Pacific stock,,StockAssessment_of_PaicifcBluefinTuna2014
Bluefin tuna,1998,1.09E+005,Total biomass,Pacific stock,,StockAssessment_of_PaicifcBluefinTuna2014
Bluefin tuna,1999,1.03E+005,Total biomass,Pacific stock,,StockAssessment_of_PaicifcBluefinTuna2014
Bluefin tuna,2000,92565.806,Total biomass,Pacific stock,,StockAssessment_of_PaicifcBluefinTuna2014
Bluefin tuna,2001,80391.846,Total biomass,Pacific stock,,StockAssessment_of_PaicifcBluefinTuna2014
Bluefin tuna,2002,79296.6589,Total biomass,Pacific stock,,StockAssessment_of_PaicifcBluefinTuna2014
Bluefin tuna,2003,77093.1568,Total biomass,Pacific stock,,StockAssessment_of_PaicifcBluefinTuna2014
Bluefin tuna,2004,74889.6547,Total biomass,Pacific stock,,StockAssessment_of_PaicifcBluefinTuna2014
Bluefin tuna,2005,70470.4953,Total biomass,Pacific stock,,StockAssessment_of_PaicifcBluefinTuna2014
Bluefin tuna,2006,59773.6402,Total biomass,Pacific stock,,StockAssessment_of_PaicifcBluefinTuna2014
Bluefin tuna,2007,54986.1771,Total biomass,Pacific stock,,StockAssessment_of_PaicifcBluefinTuna2014
Bluefin tuna,2008,54629.0561,Total biomass,Pacific stock,,StockAssessment_of_PaicifcBluefinTuna2014
Bluefin tuna,2009,50579.6591,Total biomass,Pacific stock,,StockAssessment_of_PaicifcBluefinTuna2014
Bluefin tuna,2010,48745.4333,Total biomass,Pacific stock,,StockAssessment_of_PaicifcBluefinTuna2014
Bluefin tuna,2011,47649.7599,Total biomass,Pacific stock,,StockAssessment_of_PaicifcBluefinTuna2014
Bluefin tuna,2012,45076.4954,Total biomass,Pacific stock,,StockAssessment_of_PaicifcBluefinTuna2014
